id,name,host_id,host_name,host_is_superhost,neighbourhood,neighbourhood_group_cleansed,beds,price,review_scores_rating
505101,Home in Bozeman · ★4.97 · 2 bedrooms · 2 beds · 2 baths,2490712,Stacie,t,Bozeman, Montana, United States,,2,$160.00,4.97
1913774,Guesthouse in Bozeman · ★4.97 · 1 bedroom · 1 bed · 1 bath,9892898,Brian,t,,,1,$139.00,4.97
1950545,Home in Bozeman · ★4.74 · 1 bedroom · 2 beds · 1.5 baths,8224408,Paul,t,Bozeman, Montana, United States,,2,$198.00,4.74
2390321,Rental unit in Bozeman · ★4.95 · 1 bedroom · 1 bed · 1 bath,7849959,Irene,f,Bozeman, Montana, United States,,1,$150.00,4.95
2536175,Home in Bozeman · ★4.77 · 3 bedrooms · 3 beds · 2 baths,8287259,Kris And Alex,f,Bozeman, Montana, United States,,3,$160.00,4.77
2839082,Home in Bozeman · ★4.97 · 2 bedrooms · 2 beds · 1 bath,1577112,Zack,f,Bozeman, Montana, United States,,2,$650.00,4.97
2968623,Guesthouse in Bozeman · ★4.94 · 1 bedroom · 1 bed · 1 bath,15146634,Frances,t,Bozeman, Montana, United States,,1,$125.00,4.94
3372306,Home in Bozeman · ★4.88 · 2 bedrooms · 2 beds · 1 bath,190138,Anna,f,Bozeman, Montana, United States,,2,$199.00,4.88
4008507,Guest suite in Bozeman · ★4.99 · 1 bedroom · 2 beds · 1 bath,20738079,Lori,t,Bozeman, Montana, United States,,2,$194.00,4.99
4116964,Home in Bozeman · ★4.86 · 1 bedroom · 2 beds · 1 private bath,7722453,Rachel,t,Bozeman, Montana, United States,,2,$91.00,4.86
4134363,Place to stay in Bozeman · ★4.92 · 1 bedroom · 2 beds · 1 bath,21447984,Sharon,t,Bozeman, Montana, United States,,2,$265.00,4.92
4407200,Townhouse in Bozeman · ★4.67 · 3 bedrooms · 5 beds · 2 baths,22877888,Shaun & Nathalie,f,Bozeman, Montana, United States,,5,$213.00,4.67
4778710,Home in Bozeman · 3 bedrooms · 2 beds · 2 baths,14101343,Steve & Ellie,f,Bozeman, Montana, United States,,2,$139.00,
6662056,Home in Bozeman · ★4.82 · 4 bedrooms · 5 beds · 2.5 baths,34871220,Ehson,f,Bozeman, Montana, United States,,5,$349.00,4.82
6783856,Townhouse in Bozeman · ★4.93 · 2 bedrooms · 2 beds · 2 baths,35514344,Janette,f,Bozeman, Montana, United States,,2,$250.00,4.93
6800497,Guesthouse in Bozeman · ★4.92 · 1 bedroom · 3 beds · 1 bath,16264310,Kent,t,Bozeman, Montana, United States,,3,$135.00,4.92
6881306,Rental unit in Bozeman · ★4.84 · 1 bedroom · 1 bed · 1 bath,36057505,Kathi,t,Bozeman, Montana, United States,,1,$136.00,4.84
6970499,Rental unit in Bozeman · ★4.87 · 1 bedroom · 2 beds · 1 bath,36548325,Doug,t,Bozeman, Montana, United States,,2,$88.00,4.87
7480329,Condo in Bozeman · ★5.0 · 2 bedrooms · 2 beds · 2 baths,3437116,Jill,f,Bozeman, Montana, United States,,2,$165.00,5.0
7694423,Guesthouse in Bozeman · ★4.86 · 1 bedroom · 1 bed · 1 bath,40166238,Sunny,t,Bozeman, Montana, United States,,1,$125.00,4.86
7809335,Home in Bozeman · ★4.92 · 2 bedrooms · 3 beds · 1.5 baths,18706726,Otto,f,Bozeman, Montana, United States,,3,$328.00,4.92
7855037,Townhouse in Bozeman · ★4.94 · 3 bedrooms · 3 beds · 2.5 baths,14843944,Laura,t,Bozeman, Montana, United States,,3,$299.00,4.94
8016791,Home in Bozeman · ★4.98 · 4 bedrooms · 5 beds · 2 baths,19523133,Pele,t,Bozeman, Montana, United States,,5,$268.00,4.98
8131484,Rental unit in Bozeman · ★4.92 · 1 bedroom · 2 beds · 1 bath,42939495,Mary,t,,,2,$165.00,4.92
8248642,Condo in Bozeman · ★4.98 · 2 bedrooms · 5 beds · 2 baths,23268299,Jenny,t,Bozeman, Montana, United States,,5,$295.00,4.98
8471627,Rental unit in Bozeman · ★4.94 · 2 bedrooms · 3 beds · 1 bath,44596719,Jade,t,Bozeman, Montana, United States,,3,$137.00,4.94
8522409,Guesthouse in Bozeman · ★4.98 · 2 bedrooms · 2 beds · 1 bath,44874042,Amy,t,Bozeman, Montana, United States,,2,$169.00,4.98
8616625,Home in Bozeman · ★4.91 · 3 bedrooms · 4 beds · 2 baths,32568100,Andrew,t,Bozeman, Montana, United States,,4,$188.00,4.91
9131418,Home in Bozeman · ★5.0 · 3 bedrooms · 2 beds · 2 baths,7722453,Rachel,t,Bozeman, Montana, United States,,2,$395.00,5.0
9588650,Rental unit in Bozeman · ★4.97 · 2 bedrooms · 1 bed · 1 bath,49630888,Amy,t,Bozeman, Montana, United States,,1,$148.00,4.97
9615182,Hostel in Bozeman · ★4.65 · 1 bedroom · 6 beds · 2 shared baths,49746531,Nina,f,,,6,$27.00,4.65
9615473,Hostel in Bozeman · ★4.58 · 1 bedroom · 1 bed · 2.5 shared baths,49746531,Nina,f,Bozeman, Montana, United States,,1,$51.00,4.58
9675892,Rental unit in Bozeman · ★New · 2 bedrooms · 2 beds · 1 bath,14383276,Dianne,f,Bozeman, Montana, United States,,2,,
9739788,Hostel in Bozeman · ★4.48 · 1 bedroom · 4 beds · 2 shared baths,49746531,Nina,f,,,4,$31.00,4.48
9740033,Hostel in Bozeman · ★4.63 · 1 bedroom · 3 beds · 2 shared baths,49746531,Nina,f,,,3,$38.00,4.63
9882706,Home in Bozeman · ★4.89 · 3 bedrooms · 3 beds · 2 baths,50844446,Jaymie,t,Bozeman, Montana, United States,,3,$225.00,4.89
10194083,Home in Bozeman · ★4.98 · 2 bedrooms · 2 beds · 1 bath,52362737,Terra,f,Bozeman, Montana, United States,,2,$249.00,4.98
10282173,Home in Bozeman · ★4.94 · 2 bedrooms · 2 beds · 1 bath,8979185,Laura,t,Bozeman, Montana, United States,,2,$145.00,4.94
10616342,Hostel in Bozeman · ★4.62 · 1 bedroom · 1 bed · 2 shared baths,49746531,Nina,f,,,1,$73.00,4.62
11337733,Guest suite in Bozeman · ★4.90 · 1 bedroom · 1 bed · 1 bath,59339691,Allison,t,Bozeman, Montana, United States,,1,$126.00,4.9
11379100,Home in Bozeman · ★4.81 · Studio · 1 bed · 1 bath,8224408,Paul,t,Bozeman, Montana, United States,,1,$135.00,4.81
11394263,Home in Bozeman · ★5.0 · 3 bedrooms · 4 beds · 2.5 baths,59781492,Andrew,f,Bozeman, Montana, United States,,4,$109.00,5.0
12675495,Townhouse in Bozeman · ★4.93 · 3 bedrooms · 5 beds · 1 bath,68872256,Meagan And Michael,t,Bozeman, Montana, United States,,5,$160.00,4.93
13747912,Home in Bozeman · ★4.85 · 1 bedroom · 2 beds · 1 bath,80521705,Anna,t,Bozeman, Montana, United States,,2,$152.00,4.85
13797463,Rental unit in Bozeman · ★4.82 · 2 bedrooms · 2 beds · 1 bath,81112095,Serena,t,Bozeman, Montana, United States,,2,$122.00,4.82
14041374,Home in Bozeman · ★5.0 · 5 bedrooms · 6 beds · 3.5 baths,20987607,Jacki,f,,,6,$400.00,5.0
14093005,Home in Bozeman · ★4.94 · 4 bedrooms · 5 beds · 2 baths,74996144,Gary,t,Bozeman, Montana, United States,,5,$307.00,4.94
14487902,Condo in Bozeman · ★4.85 · 3 bedrooms · 8 beds · 2 baths,77150382,Mary,f,Bozeman, Montana, United States,,8,$264.00,4.85
14769819,Home in Bozeman · ★4.89 · 1 bedroom · 1 bed · 1 private bath,84377290,E-T,f,Bozeman, Montana, United States,,1,$68.00,4.89
15284883,Loft in Bozeman · ★4.89 · 1 bedroom · 2 beds · 1 bath,97282807,Natalie,f,,,2,$188.00,4.89
15425714,Home in Bozeman · ★4.69 · 2 bedrooms · 3 beds · 1 bath,91012372,Peter,f,,,3,$99.00,4.69
15579746,Condo in Bozeman · ★4.67 · 1 bedroom · 2 beds · 1 bath,78849013,Stay Montana,t,,,2,$81.00,4.67
16064719,Home in Bozeman · ★4.75 · 3 bedrooms · 3 beds · 2 baths,104010331,Dream MT,f,Bozeman, Montana, United States,,3,$522.00,4.75
16135754,Condo in Bozeman · ★4.98 · 2 bedrooms · 3 beds · 2 baths,91012372,Peter,f,,,3,$189.00,4.98
16274835,Guesthouse in Bozeman · ★4.87 · 1 bedroom · 2 beds · 1 bath,106429221,Vacation Homes Bozeman,t,Bozeman, Montana, United States,,2,$103.00,4.87
16498232,Home in Bozeman · ★4.93 · 1 bedroom · 1 bed · 1 private bath,77559702,Joe,t,Bozeman, Montana, United States,,1,$65.00,4.93
16504338,Townhouse in Bozeman · ★4.97 · 3 bedrooms · 4 beds · 2.5 baths,68913845,Julia,t,Bozeman, Montana, United States,,4,$164.00,4.97
16531635,Home in Bozeman · ★4.80 · 3 bedrooms · 4 beds · 2 baths,104010331,Dream MT,f,Bozeman, Montana, United States,,4,$385.00,4.8
16546683,Cabin in Bozeman · ★4.98 · 3 bedrooms · 3 beds · 2 baths,103773075,Bozeman Montana,t,Bozeman, Montana, United States,,3,$213.00,4.98
16600051,Chalet in Bozeman · ★4.94 · 2 bedrooms · 2 beds · 1 bath,41587598,Molly,t,Bozeman, Montana, United States,,2,$144.00,4.94
16650024,Rental unit in Bozeman · ★4.96 · 2 bedrooms · 3 beds · 2 baths,110052520,Jeanette,f,Bozeman, Montana, United States,,3,$114.00,4.96
16662749,Home in Bozeman · ★4.93 · 3 bedrooms · 4 beds · 2.5 baths,106429221,Vacation Homes Bozeman,t,Bozeman, Montana, United States,,4,$156.00,4.93
16881888,Rental unit in Bozeman · ★5.0 · 1 bedroom · 1 bed · 1 bath,7849959,Irene,f,Bozeman, Montana, United States,,1,$84.00,5.0
17606899,Condo in Bozeman · ★4.93 · 2 bedrooms · 3 beds · 2 baths,78849013,Stay Montana,t,,,3,$203.00,4.93
17636078,Cottage in Bozeman · ★4.73 · 1 bedroom · 1 bed · 1 bath,1753266,Ellen,t,Bozeman, Montana, United States,,1,$160.00,4.73
18242184,Rental unit in Bozeman · ★4.96 · 1 bedroom · 1 bed · 1 bath,125690435,Kim & Cody,t,Bozeman, Montana, United States,,1,$149.00,4.96
18309166,Guesthouse in Bozeman · ★4.98 · 1 bedroom · 2 beds · 1 bath,55985011,Jylissa & Derrick,t,Bozeman, Montana, United States,,2,$150.00,4.98
18428989,Condo in Bozeman · ★5.0 · 3 bedrooms · 4 beds · 2 baths,78849013,Stay Montana,t,,,4,$104.00,5.0
18509621,Rental unit in Bozeman · ★4.89 · 2 bedrooms · 2 beds · 1 bath,121782093,Samantha,f,Bozeman, Montana, United States,,2,$170.00,4.89
18610457,Townhouse in Bozeman · ★4.91 · 3 bedrooms · 5 beds · 1 bath,68872256,Meagan And Michael,t,Bozeman, Montana, United States,,5,$160.00,4.91
18723425,Home in Bozeman · ★4.83 · 3 bedrooms · 4 beds · 2 baths,129302024,Dan & Alex,t,Bozeman, Montana, United States,,4,$115.00,4.83
19738080,Condo in Bozeman · ★4.36 · 1 bedroom · 2 beds · 1 bath,78849013,Stay Montana,t,,,2,$63.00,4.36
19986314,Home in Bozeman · ★4.77 · 2 bedrooms · 2 beds · 1 bath,121782093,Samantha,f,Bozeman, Montana, United States,,2,$155.00,4.77
20121999,Home in Bozeman · ★4.82 · 1 bedroom · 1 bed · 1 shared bath,13861863,Kendall,f,Bozeman, Montana, United States,,1,$82.00,4.82
20468639,Home in Bozeman · ★4.72 · 1 bedroom · 1 bed · 1 private bath,146144535,Josh,f,Bozeman, Montana, United States,,1,$80.00,4.72
21391763,Townhouse in Bozeman · ★4.97 · 3 bedrooms · 3 beds · 2 baths,33606492,Jordan,t,Bozeman, Montana, United States,,3,$185.00,4.97
21436733,Condo in Bozeman · ★4.91 · 3 bedrooms · 3 beds · 2 baths,106429221,Vacation Homes Bozeman,t,Bozeman, Montana, United States,,3,$170.00,4.91
21563216,Rental unit in Bozeman · ★4.86 · 1 bedroom · 2 beds · 1 bath,147544279,Catrina,t,Bozeman, Montana, United States,,2,$93.00,4.86
21788567,Loft in Bozeman · ★4.97 · 1 bedroom · 3 beds · 1 bath,22821126,Berit,f,Bozeman, Montana, United States,,3,$109.00,4.97
22010637,Home in Bozeman · ★4.96 · 3 bedrooms · 3 beds · 2.5 baths,100568826,Victoria,t,Bozeman, Montana, United States,,3,$133.00,4.96
22031067,Townhouse in Bozeman · ★4.82 · 3 bedrooms · 4 beds · 2.5 baths,158595657,Mountain Home,t,,,4,$385.00,4.82
22031078,Home in Bozeman · ★5.0 · 4 bedrooms · 9 beds · 3 baths,158595657,Mountain Home,t,,,9,$653.00,5.0
22031083,Townhouse in Bozeman · ★4.87 · 2 bedrooms · 2 beds · 2 baths,158595657,Mountain Home,t,,,2,$260.00,4.87
22031084,Townhouse in Bozeman · ★4.80 · 3 bedrooms · 4 beds · 2.5 baths,158595657,Mountain Home,t,,,4,$425.00,4.8
22031123,Townhouse in Bozeman · ★4.94 · 4 bedrooms · 5 beds · 3.5 baths,158595657,Mountain Home,t,,,5,$548.00,4.94
22031166,Townhouse in Bozeman · ★4.84 · 2 bedrooms · 3 beds · 2.5 baths,158595657,Mountain Home,t,,,3,$247.00,4.84
22031171,Home in Bozeman · ★4.86 · 3 bedrooms · 4 beds · 2.5 baths,158595657,Mountain Home,t,,,4,$258.00,4.86
22467914,Guest suite in Bozeman · ★4.93 · 2 bedrooms · 2 beds · 1 bath,11104779,Sarah,t,Bozeman, Montana, United States,,2,$152.00,4.93
22733838,Home in Bozeman · ★4.94 · 3 bedrooms · 4 beds · 2 baths,8224408,Paul,t,Bozeman, Montana, United States,,4,$293.00,4.94
22925801,Condo in Bozeman · ★5.0 · 2 bedrooms · 2 beds · 1 bath,169754903,VR Bozeman,t,Bozeman, Montana, United States,,2,$246.00,5.0
22925892,Home in Bozeman · ★4.98 · 1 bedroom · 2 beds · 1 private bath,47859142,Jason,t,Bozeman, Montana, United States,,2,$71.00,4.98
23191331,Rental unit in Bozeman · ★4.85 · 2 bedrooms · 2 beds · 1 bath,121782093,Samantha,f,Bozeman, Montana, United States,,2,$161.00,4.85
23269653,Home in Bozeman · ★4.92 · 2 bedrooms · 2 beds · 1.5 baths,106429221,Vacation Homes Bozeman,t,Bozeman, Montana, United States,,2,$126.00,4.92
23685855,Townhouse in Bozeman · ★4.0 · 2 bedrooms · 2 beds · 1 bath,122381278,Evolve,t,Bozeman, Montana, United States,,2,$96.00,4.0
23689274,Bungalow in Bozeman · ★5.0 · 3 bedrooms · 3 beds · 3 baths,24882747,Kerry,t,,,3,$321.00,5.0
23945254,Home in Bozeman · ★5.0 · 2 bedrooms · 3 beds · 1 bath,8224408,Paul,t,Bozeman, Montana, United States,,3,$251.00,5.0
23947268,Home in Bozeman · ★4.75 · 2 bedrooms · 4 beds · 2.5 baths,8224408,Paul,t,Bozeman, Montana, United States,,4,$334.00,4.75
24075266,Home in Bozeman · ★4.98 · 1 bedroom · 1 bed · 1 private bath,176207616,Elin,t,Bozeman, Montana, United States,,1,$95.00,4.98
25113972,Townhouse in Bozeman · ★4.98 · 3 bedrooms · 6 beds · 2 baths,171508189,Coleen,t,Bozeman, Montana, United States,,6,$235.00,4.98
25321668,Condo in Bozeman · ★4.96 · 4 bedrooms · 4 beds · 3.5 baths,122381278,Evolve,t,Bozeman, Montana, United States,,4,$328.00,4.96
25420087,Townhouse in Bozeman · ★5.0 · 3 bedrooms · 4 beds · 2.5 baths,8224408,Paul,t,Bozeman, Montana, United States,,4,$272.00,5.0
25549889,Townhouse in Bozeman · ★4.79 · 2 bedrooms · 2 beds · 1 bath,36548325,Doug,t,Bozeman, Montana, United States,,2,$157.00,4.79
25580821,Home in Bozeman · ★4.91 · 3 bedrooms · 4 beds · 2.5 baths,106429221,Vacation Homes Bozeman,t,Bozeman, Montana, United States,,4,$172.00,4.91
26925982,Guesthouse in Bozeman · ★4.94 · 1 bedroom · 1 bed · 1 bath,221430490,Jen,f,Bozeman, Montana, United States,,1,$145.00,4.94
27113338,Rental unit in Bozeman · ★4.81 · Studio · 1 bed · 1 bath,40166238,Sunny,t,Bozeman, Montana, United States,,1,$95.00,4.81
27284221,Guest suite in Bozeman · ★4.94 · 2 bedrooms · 2 beds · 1 bath,205016195,Erik,t,Bozeman, Montana, United States,,2,$200.00,4.94
27306044,Home in Bozeman · ★5.0 · Studio · 3 beds · 1 bath,4635454,Jeanne,f,Bozeman, Montana, United States,,3,$99.00,5.0
27730357,Home in Bozeman · 4 bedrooms · 5 beds · 2 baths,209352450,Sarah,t,,,5,$350.00,4.5
27809237,Home in Bozeman · 2 bedrooms · 1 bed · 1 shared bath,199558628,Vanessa,f,Bozeman, Montana, United States,,1,$90.00,
27854265,Home in Bozeman · ★4.92 · 1 bedroom · 1 bed · 1 private bath,7722453,Rachel,t,Bozeman, Montana, United States,,1,$166.00,4.92
27988420,Townhouse in Bozeman · ★4.67 · 2 bedrooms · 4 beds · 3.5 baths,122381278,Evolve,t,Bozeman, Montana, United States,,4,$152.00,4.67
29658137,Home in Bozeman · ★New · 3 bedrooms · 3 beds · 2 baths,259151,Stefan,f,Bozeman, Montana, United States,,3,$200.00,
29828057,Rental unit in Bozeman · ★4.70 · 1 bedroom · 1 bed · 1 bath,158595657,Mountain Home,t,,,1,$187.00,4.7
29899479,Bungalow in Bozeman · ★5.0 · 2 bedrooms · 2 beds · 1 bath,224820389,Shawna,f,Bozeman, Montana, United States,,2,$105.00,5.0
30326352,Home in Bozeman · ★4.98 · 1 bedroom · 1 bed · 1 private bath,96363366,Jason,t,Bozeman, Montana, United States,,1,$162.00,4.98
30397317,Loft in Bozeman · ★4.91 · Studio · 1 bed · 1 bath,58894863,Amy,t,Bozeman, Montana, United States,,1,$116.00,4.91
31341829,Townhouse in Bozeman · ★4.98 · 3 bedrooms · 4 beds · 2 baths,14612117,Kietra,f,Bozeman, Montana, United States,,4,$287.00,4.98
31905516,Townhouse in Bozeman · ★5.0 · 1 bedroom · 1 bed · 1.5 baths,33934983,Melissa,f,Bozeman, Montana, United States,,1,$180.00,5.0
33094078,Townhouse in Bozeman · ★4.99 · 3 bedrooms · 3 beds · 2 baths,133422103,Tess,t,Bozeman, Montana, United States,,3,$213.00,4.99
33241999,Condo in Bozeman · ★4.69 · 2 bedrooms · 2 beds · 2 baths,78849013,Stay Montana,t,,,2,$184.00,4.69
33851416,Home in Bozeman · ★4.91 · 2 bedrooms · 3 beds · 1 bath,255480314,Mike & Emily,t,Bozeman, Montana, United States,,3,$134.00,4.91
34889598,Cottage in Bozeman · ★5.0 · Studio · 1 bed · 1 bath,10828597,Amy,t,Bozeman, Montana, United States,,1,$67.00,5.0
35577163,Home in Bozeman · ★5.0 · 2 bedrooms · 2 beds · 1 bath,8224408,Paul,t,Bozeman, Montana, United States,,2,$229.00,5.0
36097634,Rental unit in Bozeman · ★4.85 · 2 bedrooms · 3 beds · 2 baths,271534497,Jason,f,,,3,$203.00,4.85
36181219,Home in Bozeman · ★4.92 · 2 bedrooms · 3 beds · 1.5 baths,272118985,Robin,f,Bozeman, Montana, United States,,3,$382.00,4.92
36518869,Rental unit in Bozeman · ★4.96 · 1 bedroom · 1 bed · 1 bath,274550698,Amanda,t,Bozeman, Montana, United States,,1,$110.00,4.96
36798038,Condo in Bozeman · ★4.83 · 3 bedrooms · 4 beds · 2 baths,1978098,Kimberly,f,Bozeman, Montana, United States,,4,$213.00,4.83
36799435,Home in Bozeman · ★4.97 · 3 bedrooms · 3 beds · 2.5 baths,177693150,Alexa,f,,,3,$204.00,4.97
36931430,Guesthouse in Bozeman · ★4.96 · 1 bedroom · 2 beds · 1 bath,41269419,Chase,t,Bozeman, Montana, United States,,2,$99.00,4.96
37483040,Rental unit in Bozeman · ★4.75 · 1 bedroom · 2 beds · 1 bath,21088231,Justine,f,Bozeman, Montana, United States,,2,$115.00,4.75
37658979,Home in Bozeman · ★5.0 · 3 bedrooms · 5 beds · 2 baths,8224408,Paul,t,Bozeman, Montana, United States,,5,$313.00,5.0
37878272,Rental unit in Bozeman · ★4.65 · 1 bedroom · 2 beds · 1 bath,21088231,Justine,f,Bozeman, Montana, United States,,2,$94.00,4.65
38379009,Home in Bozeman · ★4.67 · 2 bedrooms · 2 beds · 1 bath,104010331,Dream MT,f,Bozeman, Montana, United States,,2,$193.00,4.67
39002591,Guesthouse in Bozeman · ★4.97 · Studio · 2 beds · 1 bath,45830254,Phillip + Kristyn,t,,,2,$104.00,4.97
39028561,Cottage in Bozeman · ★4.95 · 2 bedrooms · 4 beds · 2 baths,299079914,Bart,t,Bozeman, Montana, United States,,4,$154.00,4.95
39551580,Home in Bozeman · ★4.89 · 2 bedrooms · 2 beds · 2 baths,8224408,Paul,t,Bozeman, Montana, United States,,2,$240.00,4.89
39642791,Home in Bozeman · ★5.0 · 1 bedroom · 1 bed · 1 bath,304628102,Lisa,t,Bozeman, Montana, United States,,1,$264.00,5.0
39951421,Home in Bozeman · ★4.93 · 4 bedrooms · 6 beds · 2 baths,8224408,Paul,t,,,6,$418.00,4.93
39951635,Home in Bozeman · ★4.90 · 2 bedrooms · 3 beds · 2 baths,8224408,Paul,t,,,3,$261.00,4.9
40064041,Home in Bozeman · ★4.91 · 3 bedrooms · 3 beds · 2 baths,27846465,Rebecca,f,Bozeman, Montana, United States,,3,$220.00,4.91
40202339,Home in Bozeman · ★5.0 · 1 bedroom · 2 beds · 1 bath,310484531,Lisa,t,Bozeman, Montana, United States,,2,$199.00,5.0
40302606,Home in Bozeman · ★4.98 · 1 bedroom · 1 bed · 1 bath,155447,Mark,f,Bozeman, Montana, United States,,1,$75.00,4.98
40806022,Rental unit in Bozeman · ★4.74 · 3 bedrooms · 4 beds · 1 bath,317251520,Katie,t,Bozeman, Montana, United States,,4,$132.00,4.74
40913911,Boutique hotel in Bozeman · ★4.67 · 1 bedroom · 2 beds · 1 private bath,318737520,RSVP Hotel,t,Bozeman, Montana, United States,,2,$238.00,4.67
41080693,Townhouse in Bozeman · ★4.96 · 2 bedrooms · 2 beds · 2.5 baths,206664747,Penny And Bryce,t,Bozeman, Montana, United States,,2,$264.00,4.96
41296861,Home in Bozeman · ★4.81 · 3 bedrooms · 3 beds · 1.5 baths,32302835,Sarah,t,Bozeman, Montana, United States,,3,$149.00,4.81
41430974,Home in Bozeman · ★4.93 · 3 bedrooms · 3 beds · 1 bath,222903364,Debbie,t,Bozeman, Montana, United States,,3,$216.00,4.93
41749663,Townhouse in Bozeman · ★4.98 · 3 bedrooms · 3 beds · 3 baths,329791321,Patrick,t,Bozeman, Montana, United States,,3,$439.00,4.98
42330186,Rental unit in Bozeman · ★4.98 · 2 bedrooms · 3 beds · 1 bath,80123200,Heather,t,Bozeman, Montana, United States,,3,$161.00,4.98
42471467,Guesthouse in Bozeman · ★4.97 · 1 bedroom · 2 beds · 1 bath,22366054,Tessa,t,Bozeman, Montana, United States,,2,$151.00,4.97
42563510,Condo in Bozeman · ★4.93 · 2 bedrooms · 2 beds · 2 baths,122381278,Evolve,t,Bozeman, Montana, United States,,2,$194.00,4.93
42690670,Cottage in Bozeman · ★4.97 · 2 bedrooms · 2 beds · 2 baths,340073907,Bo And Kelley,t,Bozeman, Montana, United States,,2,$146.00,4.97
42913733,Home in Bozeman · ★4.97 · 1 bedroom · 1 bed · 1 bath,2209026,Kristen,t,Bozeman, Montana, United States,,1,$189.00,4.97
43516278,Guest suite in Bozeman · ★4.77 · 2 bedrooms · 3 beds · 1 bath,26925375,Loretta & Jack,t,,,3,$125.00,4.77
43624070,Townhouse in Bozeman · ★4.94 · 2 bedrooms · 2 beds · 2 baths,2485195,Kay,t,Bozeman, Montana, United States,,2,$135.00,4.94
43689621,Guest suite in Bozeman · ★4.91 · 1 bedroom · 1 bed · 1 bath,22056231,Kelsey,t,Bozeman, Montana, United States,,1,$92.00,4.91
43745279,Home in Bozeman · ★5.0 · 6 bedrooms · 8 beds · 6.5 baths,8224408,Paul,t,,,8,$788.00,5.0
43745323,Townhouse in Bozeman · ★4.60 · 2 bedrooms · 2 beds · 2 baths,8224408,Paul,t,,,2,$409.00,4.6
43745331,Home in Bozeman · ★5.0 · 2 bedrooms · 3 beds · 2 baths,8224408,Paul,t,,,3,$366.00,5.0
43788075,Guesthouse in Bozeman · ★4.95 · 1 bedroom · 1 bed · 1 bath,141188755,Emily,f,Bozeman, Montana, United States,,1,$115.00,4.95
43836157,Condo in Bozeman · ★4.73 · 1 bedroom · 1 bed · 1 private bath,350610001,Garrett,f,Bozeman, Montana, United States,,1,$95.00,4.73
43928912,Condo in Bozeman · ★4.95 · 1 bedroom · 1 bed · 1 bath,169754903,VR Bozeman,t,Bozeman, Montana, United States,,1,$197.00,4.95
43928924,Rental unit in Bozeman · ★4.89 · 2 bedrooms · 2 beds · 1 bath,169754903,VR Bozeman,t,Bozeman, Montana, United States,,2,$197.00,4.89
44062808,Home in Bozeman · ★4.95 · 4 bedrooms · 7 beds · 2.5 baths,304628102,Lisa,t,Bozeman, Montana, United States,,7,$700.00,4.95
45027743,Guesthouse in Bozeman · ★5.0 · 1 bedroom · 1 bath,80104837,Arne,f,Bozeman, Montana, United States,,,$245.00,5.0
45075319,Rental unit in Bozeman · ★4.98 · 1 bedroom · 1 bed · 1 bath,219957508,Luke,f,,,1,$110.00,4.98
45179305,Home in Bozeman · ★4.96 · 2 bedrooms · 2 beds · 1 bath,31042092,Bri,t,Bozeman, Montana, United States,,2,$300.00,4.96
45381974,Home in Bozeman · ★4.67 · 3 bedrooms · 3 beds · 1 bath,317251520,Katie,t,Bozeman, Montana, United States,,3,$161.00,4.67
45543284,Condo in Bozeman · ★4.99 · 1 bedroom · 2 beds · 1 bath,241117654,Abigail,t,Bozeman, Montana, United States,,2,$154.00,4.99
45636583,Condo in Bozeman · ★4.94 · 1 bedroom · 2 beds · 1 bath,368324386,John,t,,,2,$135.00,4.94
45825187,Condo in Bozeman · ★4.99 · 1 bedroom · 1 bed · 1 bath,27061791,Ambrose & Jill,t,Bozeman, Montana, United States,,1,$202.00,4.99
45879842,Home in Bozeman · 4 bedrooms · 4 beds · 3 baths,3056473,Kelly,f,,,4,$230.00,
46104133,Home in Bozeman · ★4.75 · 3 bedrooms · 3 beds · 1 bath,104010331,Dream MT,f,,,3,$385.00,4.75
46335623,Condo in Bozeman · ★4.99 · 1 bedroom · 2 beds · 1 bath,334582361,Kelly,t,,,2,$189.00,4.99
46377655,Home in Bozeman · ★4.97 · 3 bedrooms · 3 beds · 2 baths,169754903,VR Bozeman,t,Bozeman, Montana, United States,,3,$312.00,4.97
46641566,Guest suite in Bozeman · ★4.92 · 1 bedroom · 2 beds · 1 bath,7161309,Orlando,t,Bozeman, Montana, United States,,2,$100.00,4.92
46816607,Camper/RV in Bozeman · ★4.89 · 1 bedroom · 3 beds · 1 bath,7831671,Lei-Anna & Troy,t,Bozeman, Montana, United States,,3,$94.00,4.89
47056552,Boutique hotel in Bozeman · ★4.89 · 1 bedroom · 1 bed · 1 private bath,318737520,RSVP Hotel,t,,,1,$138.00,4.89
47056582,Boutique hotel in Bozeman · ★4.63 · 1 bedroom · 2 beds · 1 private bath,318737520,RSVP Hotel,t,,,2,$154.00,4.63
47056646,Boutique hotel in Bozeman · ★4.93 · 1 bedroom · 1 bed · 1 private bath,318737520,RSVP Hotel,t,,,1,$148.00,4.93
47056677,Boutique hotel in Bozeman · ★4.88 · 1 bedroom · 2 beds · 1 private bath,318737520,RSVP Hotel,t,,,2,$218.00,4.88
47056720,Boutique hotel in Bozeman · 1 bedroom · 2 beds · 1 private bath,318737520,RSVP Hotel,t,,,2,$218.00,5.0
47057068,Boutique hotel in Bozeman · ★4.83 · 1 bedroom · 2 beds · 1 private bath,318737520,RSVP Hotel,t,,,2,$144.00,4.83
47097461,Boutique hotel in Bozeman · 1 bedroom · 1 bed · 1 private bath,318737520,RSVP Hotel,t,,,1,$198.00,5.0
47314704,Bungalow in Bozeman · ★5.0 · 1 bedroom · 1 bed · 1 bath,304628102,Lisa,t,Bozeman, Montana, United States,,1,$175.00,5.0
47359172,Condo in Bozeman · ★4.86 · 1 bedroom · 2 beds · 1 bath,78849013,Stay Montana,t,Bozeman, Montana, United States,,2,$174.00,4.86
47469271,Rental unit in Bozeman · ★4.93 · 2 bedrooms · 3 beds · 1 bath,207748076,Richard,t,Bozeman, Montana, United States,,3,$160.00,4.93
47501268,Guest suite in Bozeman · ★4.99 · 1 bedroom · 1 bed · 1 bath,42711132,Chris,t,Bozeman, Montana, United States,,1,$111.00,4.99
47769612,Rental unit in Bozeman · ★4.90 · 3 bedrooms · 4 beds · 1 bath,374451536,Dan,f,,,4,$220.00,4.9
47871817,Rental unit in Bozeman · ★4.82 · Studio · 1 bed · 1 bath,317251520,Katie,t,Bozeman, Montana, United States,,1,$127.00,4.82
47885451,Condo in Bozeman · ★4.67 · 1 bedroom · 1 bed · 1 bath,158595657,Mountain Home,t,,,1,$141.00,4.67
47890304,Condo in Bozeman · ★4.97 · 1 bedroom · 2 beds · 1 bath,21834257,Jacqui,t,Bozeman, Montana, United States,,2,$148.00,4.97
47906487,Rental unit in Bozeman · ★4.88 · 1 bedroom · 2 beds · 1 bath,374451536,Dan,f,Bozeman, Montana, United States,,2,$140.00,4.88
47966159,Condo in Bozeman · ★5.0 · 2 bedrooms · 2 beds · 2.5 baths,62463332,Devan,t,Bozeman, Montana, United States,,2,$195.00,5.0
48030423,Condo in Bozeman · ★4.84 · 2 bedrooms · 2 beds · 2 baths,158595657,Mountain Home,t,,,2,$244.00,4.84
48122335,Townhouse in Bozeman · ★4.99 · 1 bedroom · 2 beds · 1 bath,103773075,Bozeman Montana,t,Bozeman, Montana, United States,,2,$186.00,4.99
48167177,Rental unit in Bozeman · ★4.93 · 1 bedroom · 1 bed · 1 bath,4080107,Elise,t,Bozeman, Montana, United States,,1,$137.00,4.93
48168037,Rental unit in Bozeman · ★4.88 · 1 bedroom · 1 bed · 1 bath,4080107,Elise,t,Bozeman, Montana, United States,,1,$123.00,4.88
48200822,Guest suite in Bozeman · ★4.98 · Studio · 1 bed · 1 bath,150728239,Jessica,t,,,1,$139.00,4.98
48428210,Condo in Bozeman · ★5.0 · 1 bedroom · 1 bed · 1 bath,205470126,Chris,f,Bozeman, Montana, United States,,1,$79.00,5.0
48563248,Rental unit in Bozeman · ★4.97 · 2 bedrooms · 2 beds · 2 baths,166104792,Caleb And Madison,t,Bozeman, Montana, United States,,2,$189.00,4.97
48700264,Townhouse in Bozeman · ★5.0 · 3 bedrooms · 4 beds · 2.5 baths,44342268,Sam,t,Bozeman, Montana, United States,,4,$225.00,5.0
48793153,Home in Bozeman · ★4.85 · 4 bedrooms · 8 beds · 2 baths,393645536,Arik And Rachel,t,Bozeman, Montana, United States,,8,$325.00,4.85
48935787,Condo in Bozeman · ★4.50 · 1 bedroom · 2 beds · 1 bath,78849013,Stay Montana,t,,,2,$121.00,4.5
48974287,Guesthouse in Bozeman · ★4.92 · 1 bedroom · 1 bed · 1 bath,6343008,Drew,t,Bozeman, Montana, United States,,1,$108.00,4.92
48979458,Home in Bozeman · ★4.96 · 2 bedrooms · 2 beds · 2 baths,179304077,Jami,t,Bozeman, Montana, United States,,2,$225.00,4.96
49045151,Home in Bozeman · ★4.91 · 2 bedrooms · 2 beds · 1 bath,174302859,Alayna,t,,,2,$85.00,4.91
49096743,Guesthouse in Bozeman · ★4.97 · 1 bedroom · 1 bed · 1 bath,395972229,Cody,t,Bozeman, Montana, United States,,1,$104.00,4.97
49176919,Bungalow in Bozeman · ★4.91 · 3 bedrooms · 3 beds · 1 bath,396671231,Casey,f,Bozeman, Montana, United States,,3,$285.00,4.91
49196937,Townhouse in Bozeman · ★5.0 · 3 bedrooms · 3 beds · 3 baths,8224408,Paul,t,,,3,$377.00,5.0
49426669,Townhouse in Bozeman · ★4.71 · 3 bedrooms · 4 beds · 2 baths,398642839,Dirk,f,,,4,$175.00,4.71
49563956,Home in Bozeman · ★5.0 · 1 bedroom · 1 bed · 1 bath,72406868,Jeni,t,Bozeman, Montana, United States,,1,$152.00,5.0
49585772,Condo in Bozeman · ★4.94 · 1 bedroom · 2 beds · 1 bath,122381278,Evolve,t,Bozeman, Montana, United States,,2,$121.00,4.94
49638052,Condo in Bozeman · ★4.90 · 1 bedroom · 2 beds · 1 bath,16439933,Caitlin,f,,,2,$232.00,4.9
49748930,Home in Bozeman · ★5.0 · 1 bedroom · 1 bed · 1 bath,158595657,Mountain Home,t,,,1,$210.00,5.0
49748933,Home in Bozeman · ★4.91 · 3 bedrooms · 3 beds · 2 baths,158595657,Mountain Home,t,,,3,$332.00,4.91
49808248,Townhouse in Bozeman · ★4.98 · 3 bedrooms · 4 beds · 2.5 baths,163200599,Julie,t,Bozeman, Montana, United States,,4,$225.00,4.98
50073308,Condo in Bozeman · ★5.0 · 3 bedrooms · 2 beds · 2.5 baths,167100607,Dillon,f,,,2,$120.00,5.0
50075610,Condo in Bozeman · ★4.98 · 1 bedroom · 2 beds · 1 bath,219491,Elinor (Ellie),t,,,2,$133.00,4.98
50191565,Townhouse in Bozeman · ★4.97 · 3 bedrooms · 3 beds · 3.5 baths,158595657,Mountain Home,t,,,3,$700.00,4.97
50196973,Home in Bozeman · ★4.96 · 2 bedrooms · 2 beds · 2 baths,103773075,Bozeman Montana,t,Bozeman, Montana, United States,,2,$204.00,4.96
50246548,Home in Bozeman · ★4.97 · 2 bedrooms · 5 beds · 1 bath,3083856,Carrie,t,Bozeman, Montana, United States,,5,$179.00,4.97
50268142,Guesthouse in Bozeman · ★5.0 · 1 bedroom · 2 beds · 1 bath,17222868,Leah,t,,,2,$120.00,5.0
50306115,Home in Bozeman · ★4.72 · 3 bedrooms · 3 beds · 2 baths,158595657,Mountain Home,t,,,3,$250.00,4.72
50323448,Townhouse in Bozeman · ★5.0 · 1 bedroom · 1 bed · 1.5 baths,32162998,Sarah,t,,,1,$74.00,5.0
50372449,Home in Bozeman · ★5.0 · 3 bedrooms · 3 beds · 2 baths,8224408,Paul,t,,,3,$356.00,5.0
50520697,Guest suite in Bozeman · ★4.72 · 1 bedroom · 2 beds · 1 bath,26925375,Loretta & Jack,t,Bozeman, Montana, United States,,2,$159.00,4.72
50545056,Guesthouse in Bozeman · ★4.96 · 1 bedroom · 2 beds · 1 bath,126115316,Brady,t,,,2,$155.00,4.96
50570285,Home in Bozeman · ★5.0 · 3 bedrooms · 3 beds · 2 baths,147570980,Catherine,t,,,3,$172.00,5.0
50675728,Condo in Bozeman · ★5.0 · 1 bedroom · 2 beds · 1 bath,87338185,Carrie,f,Bozeman, Montana, United States,,2,$135.00,5.0
50708956,Condo in Bozeman · ★5.0 · 3 bedrooms · 4 beds · 2.5 baths,112975939,Haley,t,,,4,$429.00,5.0
50912777,Home in Bozeman · ★4.98 · 1 bedroom · 2 beds · 1 bath,44596719,Jade,t,Bozeman, Montana, United States,,2,$160.00,4.98
50980152,Guesthouse in Bozeman · ★4.96 · 1 bedroom · 1 bed · 1 bath,62405798,Ana,t,Bozeman, Montana, United States,,1,$103.00,4.96
50980860,Home in Bozeman · ★5.0 · 4 bedrooms · 4 beds · 3 baths,8224408,Paul,t,,,4,$418.00,5.0
51088432,Condo in Bozeman · ★4.99 · 1 bedroom · 2 beds · 1 bath,21497881,Victoria,t,Bozeman, Montana, United States,,2,$135.00,4.99
51127349,Guesthouse in Bozeman · ★4.96 · 1 bedroom · 1 bath,62778374,John,f,,,,$169.00,4.96
51169010,Guesthouse in Bozeman · ★4.96 · 1 bedroom · 1 bed · 1.5 baths,409136809,Ryan,f,Bozeman, Montana, United States,,1,$213.00,4.96
51169850,Townhouse in Bozeman · ★4.96 · 2 bedrooms · 2 beds · 2.5 baths,56404884,Sharon,t,Bozeman, Montana, United States,,2,$258.00,4.96
51214592,Condo in Bozeman · ★4.92 · 1 bedroom · 1 bed · 1 bath,290273936,Mike,t,,,1,$175.00,4.92
51225637,Condo in Bozeman · ★4.70 · 1 bedroom · 2 beds · 1 bath,414692326,Kenneth,t,,,2,$149.00,4.7
51244535,Guest suite in Bozeman · ★4.92 · 1 bedroom · 1 bed · 1 bath,53146419,Olivia,f,,,1,$88.00,4.92
51361417,Home in Bozeman · ★4.99 · 3 bedrooms · 5 beds · 2.5 baths,44712267,Emily,t,,,5,$250.00,4.99
51366615,Rental unit in Bozeman · ★4.54 · 2 bedrooms · 2 beds · 1 bath,91012372,Peter,f,,,2,$102.00,4.54
51421125,Condo in Bozeman · ★4.96 · 1 bedroom · 1 bed · 1 bath,416457956,Sean,t,,,1,$130.00,4.96
51543047,Guest suite in Bozeman · ★4.94 · 2 bedrooms · 4 beds · 1 bath,391326883,Ken,t,,,4,$231.00,4.94
51563790,Guest suite in Bozeman · ★4.94 · 1 bedroom · 2 beds · 1 bath,278688460,Jane,t,Bozeman, Montana, United States,,2,$115.00,4.94
51747515,Home in Bozeman · 3 bedrooms · 4 beds · 2.5 baths,158595657,Mountain Home,t,,,4,$167.00,
51747517,Condo in Bozeman · 1 bedroom · 1 bed · 1.5 baths,158595657,Mountain Home,t,,,1,$110.00,
51747520,Townhouse in Bozeman · 3 bedrooms · 3 beds · 3 baths,158595657,Mountain Home,t,,,3,$150.00,
51747521,Condo in Bozeman · 2 bedrooms · 2 beds · 2.5 baths,158595657,Mountain Home,t,,,2,$150.00,
51747523,Condo in Bozeman · 2 bedrooms · 3 beds · 2 baths,158595657,Mountain Home,t,,,3,$134.00,
51825573,Cottage in Bozeman · ★4.94 · 2 bedrooms · 2 beds · 1 bath,1259005,Alexandria,t,Bozeman, Montana, United States,,2,$181.00,4.94
51946585,Condo in Bozeman · ★4.92 · 2 bedrooms · 3 beds · 2 baths,112975939,Haley,t,Bozeman, Montana, United States,,3,$152.00,4.92
52005720,Home in Bozeman · ★4.92 · 1 bedroom · 1 bed · 1 bath,103773075,Bozeman Montana,t,Bozeman, Montana, United States,,1,$200.00,4.92
52164011,Condo in Bozeman · ★4.82 · 1 bedroom · 1 bed · 1 bath,317251520,Katie,t,,,1,$126.00,4.82
52225520,Guest suite in Bozeman · ★4.97 · 1 bedroom · 1 bed · 1 bath,20710905,Jacquie,t,Bozeman, Montana, United States,,1,$119.00,4.97
52258846,Condo in Bozeman · ★4.94 · 2 bedrooms · 3 beds · 1 bath,104010331,Dream MT,f,Bozeman, Montana, United States,,3,$275.00,4.94
52281958,Rental unit in Bozeman · ★4.93 · 2 bedrooms · 2 beds · 1 bath,7161309,Orlando,t,Bozeman, Montana, United States,,2,$116.00,4.93
52282359,Home in Bozeman · 4 bedrooms · 5 beds · 3 baths,22311745,Julie,f,Bozeman, Montana, United States,,5,$185.00,5.0
52303432,Condo in Bozeman · ★4.89 · 1 bedroom · 2 beds · 1 bath,271534497,Jason,f,,,2,$175.00,4.89
52425494,Condo in Bozeman · ★4.70 · 3 bedrooms · 3 beds · 2.5 baths,242945835,Stephanie,t,,,3,$293.00,4.7
52436764,Guest suite in Bozeman · ★4.97 · 2 bedrooms · 2 beds · 1 bath,3502709,Dylan,t,Bozeman, Montana, United States,,2,$119.00,4.97
52441838,Guest suite in Bozeman · ★4.81 · 1 bedroom · 2 beds · 1 bath,35291991,Tiera,t,Bozeman, Montana, United States,,2,$82.00,4.81
52457187,Rental unit in Bozeman · ★5.0 · 1 bedroom · 1 bed · 1 bath,357080696,Cooper,t,Bozeman, Montana, United States,,1,$115.00,5.0
52513808,Condo in Bozeman · ★4.95 · 2 bedrooms · 2 beds · 2 baths,425045303,Jamie And Luke,t,Bozeman, Montana, United States,,2,$240.00,4.95
52517800,Home in Bozeman · ★4.93 · 4 bedrooms · 5 beds · 4 baths,1015718,Shannon,f,Bozeman, Montana, United States,,5,$299.00,4.93
52537069,Rental unit in Bozeman · ★4.84 · 3 bedrooms · 4 beds · 1 bath,374451536,Dan,f,,,4,$214.00,4.84
52570170,Condo in Bozeman · ★4.79 · 2 bedrooms · 3 beds · 1.5 baths,12702811,Carla,t,Bozeman, Montana, United States,,3,$168.00,4.79
52594473,Condo in Bozeman · 1 bedroom · 1 bed · 1 private bath,30465071,Sara,f,Bozeman, Montana, United States,,1,$49.00,5.0
52610317,Rental unit in Bozeman · ★4.96 · Studio · 3 beds · 1 bath,12702811,Carla,t,Bozeman, Montana, United States,,3,$206.00,4.96
52615844,Condo in Bozeman · ★4.71 · 1 bedroom · 2 beds · 1 bath,78849013,Stay Montana,t,Bozeman, Montana, United States,,2,$165.00,4.71
52620657,Guest suite in Bozeman · ★4.91 · 2 bedrooms · 4 beds · 2 baths,103579986,Hannah,t,Bozeman, Montana, United States,,4,$161.00,4.91
52629865,Townhouse in Bozeman · ★4.40 · 2 bedrooms · 2 beds · 1 bath,122381278,Evolve,t,Bozeman, Montana, United States,,2,$91.00,4.4
52733780,Home in Bozeman · 2 bedrooms · 2 beds · 1 private bath,310687828,Patti,f,Bozeman, Montana, United States,,2,$115.00,
52809552,Home in Bozeman · ★5.0 · 1 bedroom · 1 bed · 1 bath,8224408,Paul,t,,,1,$167.00,5.0
52864546,Home in Bozeman · ★4.67 · 5 bedrooms · 9 beds · 4.5 baths,428015297,Brian,f,,,9,$850.00,4.67
52874624,Home in Bozeman · 4 bedrooms · 5 beds · 4 baths,122381278,Evolve,t,Bozeman, Montana, United States,,5,$121.00,5.0
52894917,Home in Bozeman · ★4.95 · 4 bedrooms · 4 beds · 3.5 baths,122381278,Evolve,t,Bozeman, Montana, United States,,4,$395.00,4.95
53149809,Condo in Bozeman · ★4.89 · 1 bedroom · 1 bed · 1 bath,158595657,Mountain Home,t,,,1,$213.00,4.89
53151215,Condo in Bozeman · 1 bedroom · 1 bath,417219481,Olivia,f,,,,$250.00,5.0
53278276,Guesthouse in Bozeman · 1 bedroom · 1 bed · 1 bath,388858579,Neil,t,Bozeman, Montana, United States,,1,$120.00,5.0
53281258,Condo in Bozeman · ★5.0 · Studio · 1 bed · 1 bath,225774632,Joe And Michelle,t,Bozeman, Montana, United States,,1,$175.00,5.0
53344108,Home in Bozeman · ★4.84 · 2 bedrooms · 2 beds · 1 bath,243371257,Travis,t,Bozeman, Montana, United States,,2,$87.00,4.84
53395300,Rental unit in Bozeman · ★4.17 · 1 bedroom · 1 bed · 1 bath,158595657,Mountain Home,t,,,1,$245.00,4.17
53444312,Home in Bozeman · ★4.96 · 3 bedrooms · 4 beds · 2 baths,191771128,Muneer,t,,,4,$224.00,4.96
53493470,Condo in Bozeman · ★5.0 · 2 bedrooms · 3 beds · 2 baths,194602628,Lori,t,Bozeman, Montana, United States,,3,$212.00,5.0
53607095,Condo in Bozeman · ★5.0 · 1 bedroom · 1 bed · 1 bath,225774632,Joe And Michelle,t,Bozeman, Montana, United States,,1,$196.00,5.0
53611532,Townhouse in Bozeman · ★4.96 · 2 bedrooms · 3 beds · 1 bath,324665946,James,t,Bozeman, Montana, United States,,3,$189.00,4.96
53614256,Condo in Bozeman · ★5.0 · 2 bedrooms · 2 beds · 2 baths,225774632,Joe And Michelle,t,Bozeman, Montana, United States,,2,$279.00,5.0
53631171,Condo in Bozeman · ★4.84 · 3 bedrooms · 3 beds · 2 baths,434235941,Tuyet Ngan Thi,t,Bozeman, Montana, United States,,3,$158.00,4.84
53663663,Condo in Bozeman · ★5.0 · 1 bedroom · 1 bed · 1 bath,339686590,Shaylee,f,,,1,$190.00,5.0
53679965,Condo in Bozeman · ★4.80 · 1 bedroom · 1 bed · 1 shared bath,19442684,John,t,,,1,$399.00,4.8
53699638,Home in Bozeman · ★4.50 · 2 bedrooms · 2 beds · 1.5 baths,104010331,Dream MT,f,,,2,$220.00,4.5
53740492,Condo in Bozeman · ★4.96 · 2 bedrooms · 3 beds · 1.5 baths,20374203,Laura,t,Bozeman, Montana, United States,,3,$209.00,4.96
53888773,Cottage in Bozeman · ★4.97 · 1 bedroom · 2 beds · 1 bath,60108530,Lark,t,Bozeman, Montana, United States,,2,$130.00,4.97
54002559,Townhouse in Bozeman · ★5.0 · 2 bedrooms · 2 beds · 2.5 baths,308336264,Bonnie And Sam,f,Bozeman, Montana, United States,,2,$120.00,5.0
54034685,Home in Bozeman · ★5.0 · 4 bedrooms · 4 beds · 3.5 baths,8224408,Paul,t,,,4,$418.00,5.0
54056354,Home in Bozeman · ★4.59 · 4 bedrooms · 4 beds · 2.5 baths,158595657,Mountain Home,t,,,4,$480.00,4.59
54130937,Rental unit in Bozeman · ★4.59 · 1 bedroom · 1 bed · 1 shared bath,438835491,Marylin,f,Bozeman, Montana, United States,,1,,4.59
54241392,Home in Bozeman · ★4.86 · 1 bedroom · 1 bed · 1 private bath,162342143,Evelyn,t,,,1,$85.00,4.86
54307070,Condo in Bozeman · ★4.63 · 3 bedrooms · 3 beds · 2 baths,434235941,Tuyet Ngan Thi,t,Bozeman, Montana, United States,,3,$139.00,4.63
517215584943706040,Condo in Bozeman · ★5.0 · 2 bedrooms · 2 beds · 2 baths,282205909,JJ & Heather,t,Bozeman, Montana, United States,,2,$110.00,5.0
537860368072032340,Condo in Bozeman · ★4.92 · 3 bedrooms · 2 beds · 2.5 baths,97952734,Brandy,f,Bozeman, Montana, United States,,2,$187.00,4.92
539134036384619154,Home in Bozeman · ★5.0 · 1 bedroom · 1 bed · 1 bath,74119738,Jane,t,,,1,$279.00,5.0
546425566378883463,Townhouse in Bozeman · ★5.0 · 3 bedrooms · 3 beds · 2 baths,441798626,Renee,t,,,3,$375.00,5.0
548783269779670430,Guesthouse in Bozeman · ★4.98 · 1 bedroom · 1 bed · 1 bath,370721732,Rebecca,f,,,1,$150.00,4.98
552884755359876744,Condo in Bozeman · ★4.90 · 2 bedrooms · 2 beds · 1 bath,87300632,Liz,t,,,2,$135.00,4.9
553433994880561912,Vacation home in Bozeman · ★5.0 · 2 bedrooms · 2 beds · 2.5 baths,9851660,Tanya,t,,,2,$219.00,5.0
553665581841208231,Home in Bozeman · ★5.0 · 3 bedrooms · 2 beds · 2.5 baths,7704883,Christyn,t,Bozeman, Montana, United States,,2,$360.00,5.0
554209298323260405,Home in Bozeman · ★5.0 · 3 bedrooms · 3 beds · 2.5 baths,19523133,Pele,t,Bozeman, Montana, United States,,3,$348.00,5.0
554494826131033621,Townhouse in Bozeman · ★5.0 · 3 bedrooms · 3 beds · 3 baths,283815228,Michael,t,Bozeman, Montana, United States,,3,$170.00,5.0
557817837659306237,Home in Bozeman · 3 bedrooms · 3 beds · 2 baths,149465780,Cathleen,f,,,3,$650.00,
559527062706136123,Condo in Bozeman · ★5.0 · 3 bedrooms · 4 beds · 2.5 baths,78849013,Stay Montana,t,Bozeman, Montana, United States,,4,$104.00,5.0
561717640997313387,Home in Bozeman · ★4.91 · 2 bedrooms · 2 beds · 2.5 baths,215007281,Jack,t,,,2,$191.00,4.91
565095812826326318,Home in Bozeman · ★4.77 · 3 bedrooms · 3 beds · 2 baths,324938857,Laura,f,Bozeman, Montana, United States,,3,$332.00,4.77
566507802395312389,Townhouse in Bozeman · ★5.0 · 3 bedrooms · 2 beds · 2.5 baths,87144196,Juli,t,Bozeman, Montana, United States,,2,$145.00,5.0
567679385572369303,Rental unit in Bozeman · ★4.80 · 2 bedrooms · 4 beds · 1 bath,25065063,Kura,t,,,4,$217.00,4.8
570187917929856190,Rental unit in Bozeman · ★4.98 · 2 bedrooms · 3 beds · 1 bath,85914608,John,t,,,3,$118.00,4.98
573400389346700864,Rental unit in Bozeman · ★4.97 · 2 bedrooms · 2 beds · 1 bath,127451313,Pamela,t,Bozeman, Montana, United States,,2,$195.00,4.97
577635693880635570,Condo in Bozeman · ★4.95 · 1 bedroom · 3 beds · 1 bath,102597941,Tom,t,Bozeman, Montana, United States,,3,$122.00,4.95
580390397040922793,Condo in Bozeman · ★4.90 · 3 bedrooms · 3 beds · 2 baths,434235941,Tuyet Ngan Thi,t,Bozeman, Montana, United States,,3,$175.00,4.9
582075717033605282,Townhouse in Bozeman · ★5.0 · 3 bedrooms · 4 beds · 2.5 baths,59950618,Kellen,t,Bozeman, Montana, United States,,4,$166.00,5.0
584102878258687708,Condo in Bozeman · ★4.82 · 3 bedrooms · 4 beds · 2.5 baths,146002701,Lyndsey,f,,,4,$275.00,4.82
588475152538336095,Home in Bozeman · ★5.0 · 4 bedrooms · 4 beds · 2 baths,91589612,Joanna,t,Bozeman, Montana, United States,,4,$530.00,5.0
588556801205015597,Home in Bozeman · ★4.88 · 2 bedrooms · 3 beds · 1 bath,143611149,Teri,t,Bozeman, Montana, United States,,3,$266.00,4.88
590006855129005370,Condo in Bozeman · ★4.97 · 1 bedroom · 3 beds · 1 bath,3083856,Carrie,t,Bozeman, Montana, United States,,3,$174.00,4.97
601374649522692032,Home in Bozeman · ★5.0 · 3 bedrooms · 3 beds · 2.5 baths,7003839,Taylor,t,Bozeman, Montana, United States,,3,$286.00,5.0
601529527516210190,Townhouse in Bozeman · 2 bedrooms · 2 beds · 2.5 baths,89581672,Mackenzie,f,Bozeman, Montana, United States,,2,$200.00,5.0
604774251362283744,Home in Bozeman · ★5.0 · 3 bedrooms · 3 beds · 2 baths,7485966,Ilona,f,,,3,$150.00,5.0
606641041131550235,Home in Bozeman · ★4.97 · 3 bedrooms · 3 beds · 2 baths,30062388,Cary,t,Bozeman, Montana, United States,,3,$277.00,4.97
607292612970501183,Townhouse in Bozeman · ★4.93 · 1 bedroom · 1 bed · 1.5 shared baths,69417001,Louisa,t,Bozeman, Montana, United States,,1,$79.00,4.93
607365320794077990,Townhouse in Bozeman · ★5.0 · 1 bedroom · 1 bed · 1.5 shared baths,69417001,Louisa,t,Bozeman, Montana, United States,,1,$48.00,5.0
609294509698157532,Condo in Bozeman · ★4.98 · 2 bedrooms · 2 beds · 1 bath,425903673,Patricia,f,Bozeman, Montana, United States,,2,$133.00,4.98
610333833276114007,Rental unit in Bozeman · ★4.87 · 2 bedrooms · 2 beds · 2 baths,118040416,My Own Montana,t,,,2,$250.00,4.87
611640860554506390,Home in Bozeman · 3 bedrooms · 3 beds · 3 baths,8224408,Paul,t,,,3,$256.00,5.0
612893881849188932,Rental unit in Bozeman · ★4.96 · 2 bedrooms · 3 beds · 2 baths,441896318,Payton,t,Bozeman, Montana, United States,,3,$149.00,4.96
618334957573105453,Guesthouse in Bozeman · ★4.98 · 1 bedroom · 2 beds · 1 bath,49756188,Marissa,t,Bozeman, Montana, United States,,2,$200.00,4.98
619526614024208233,Townhouse in Bozeman · ★5.0 · 3 bedrooms · 3 beds · 2 baths,180300091,Michelle,f,Bozeman, Montana, United States,,3,$299.00,5.0
619604148326911549,Townhouse in Bozeman · ★4.96 · 3 bedrooms · 3 beds · 2.5 baths,110562093,Kelsey,t,,,3,$280.00,4.96
620357586433612824,Condo in Bozeman · ★4.80 · 2 bedrooms · 2 beds · 1 bath,40742998,Katie,t,Bozeman, Montana, United States,,2,$160.00,4.8
620806144709121248,Townhouse in Bozeman · ★4.91 · 2 bedrooms · 3 beds · 1.5 baths,322166386,Han,t,Bozeman, Montana, United States,,3,$109.00,4.91
624831316262074300,Home in Bozeman · 3 bedrooms · 3 beds · 2.5 baths,282205909,JJ & Heather,t,Bozeman, Montana, United States,,3,$133.00,
625945698382957503,Townhouse in Bozeman · ★5.0 · 3 bedrooms · 3 beds · 3.5 baths,158595657,Mountain Home,t,,,3,$800.00,5.0
626166007252132576,Home in Bozeman · ★4.96 · 4 bedrooms · 6 beds · 3 baths,68861172,Erica,f,,,6,$320.00,4.96
629234668508392975,Rental unit in Bozeman · ★5.0 · 2 bedrooms · 2 beds · 1 bath,20214941,Alli,f,,,2,$125.00,5.0
629671506047024108,Guesthouse in Bozeman · ★5.0 · 1 bedroom · 2 beds · 1 bath,6542194,Jenny,t,Bozeman, Montana, United States,,2,$170.00,5.0
631420748469080402,Townhouse in Bozeman · 3 bedrooms · 3 beds · 2.5 baths,69417001,Louisa,t,Bozeman, Montana, United States,,3,$269.00,5.0
631893047184397847,Condo in Bozeman · ★4.81 · 2 bedrooms · 3 beds · 2 baths,460235948,Callahan,f,Bozeman, Montana, United States,,3,$159.00,4.81
635359568019045907,Guesthouse in Bozeman · ★4.97 · 1 bedroom · 2 beds · 1 bath,7732231,Tara,t,Bozeman, Montana, United States,,2,$106.00,4.97
636007021944503844,Guesthouse in Bozeman · ★4.96 · 1 bedroom · 1 bed · 1 bath,9859988,Tobi,t,,,1,$124.00,4.96
637224151300968883,Townhouse in Bozeman · ★5.0 · 1 bedroom · 1 bed · 1.5 baths,69417001,Louisa,t,Bozeman, Montana, United States,,1,$53.00,5.0
637638615557462514,Condo in Bozeman · ★4.80 · 1 bedroom · 2 beds · 1.5 baths,112595503,Danielle,t,Bozeman, Montana, United States,,2,$140.00,4.8
639045968795630514,Townhouse in Bozeman · 2 bedrooms · 3 beds · 2.5 baths,432624625,Debra,t,Bozeman, Montana, United States,,3,$125.00,5.0
640809261320548067,Guest suite in Bozeman · ★5.0 · 1 bedroom · 1 bed · 1 bath,462304758,Leslie,t,Bozeman, Montana, United States,,1,$268.00,5.0
641334978923453922,Home in Bozeman · ★4.71 · 2 bedrooms · 3 beds · 1 bath,462293753,Yanfei,f,Bozeman, Montana, United States,,3,$196.00,4.71
643569830401168312,Home in Bozeman · ★4.69 · 5 bedrooms · 5 beds · 2 baths,462293753,Yanfei,f,Bozeman, Montana, United States,,5,$304.00,4.69
645141111167456444,Townhouse in Bozeman · ★4.97 · 3 bedrooms · 3 beds · 1 bath,243889371,Mallory,t,Bozeman, Montana, United States,,3,$321.00,4.97
648162080320263556,Condo in Bozeman · ★4.97 · 1 bedroom · 1 bed · 1 bath,219491,Elinor (Ellie),t,Bozeman, Montana, United States,,1,$131.00,4.97
650129471158078513,Townhouse in Bozeman · ★4.98 · 4 bedrooms · 4 beds · 2.5 baths,464467613,Tatanka,t,,,4,$329.00,4.98
650948670828244727,Home in Bozeman · ★5.0 · 3 bedrooms · 4 beds · 2 baths,464649532,Christie,t,Bozeman, Montana, United States,,4,$380.00,5.0
652171270514431965,Townhouse in Bozeman · ★4.97 · 1 bedroom · 1 bed · 1 private bath,3536705,Lindsay,f,Bozeman, Montana, United States,,1,$67.00,4.97
654936580130899134,Rental unit in Bozeman · ★4.79 · 1 bedroom · 1 bed · 1 bath,158595657,Mountain Home,t,,,1,$206.00,4.79
655684504477318769,Home in Bozeman · ★4.97 · 3 bedrooms · 5 beds · 2 baths,53720318,Jane,t,Bozeman, Montana, United States,,5,$364.00,4.97
660191946795731569,Home in Bozeman · 1 bedroom · 1 bed · 1 bath,122919762,Cyd,f,,,1,$110.00,
663645174019164043,Camper/RV in Bozeman · 1 bedroom · 1 bed · Half-bath,19442684,John,t,,,1,$249.00,
665301909432494038,Rental unit in Bozeman · ★4.79 · 2 bedrooms · 2 beds · 1 bath,37331595,Vacasa Montana,f,,,2,$236.00,4.79
668371805193146476,Townhouse in Bozeman · ★4.96 · 3 bedrooms · 5 beds · 3 baths,166104792,Caleb And Madison,t,Bozeman, Montana, United States,,5,$257.00,4.96
668710495380377348,Condo in Bozeman · ★4.92 · 2 bedrooms · 4 beds · 2 baths,441896318,Payton,t,Bozeman, Montana, United States,,4,$149.00,4.92
670180153402811011,Townhouse in Bozeman · ★4.78 · 3 bedrooms · 4 beds · 2.5 baths,446248807,Ty,t,,,4,$150.00,4.78
670436576549277803,Home in Bozeman · ★5.0 · 2 bedrooms · 2 beds · 2 baths,120268430,Olga,f,,,2,$449.00,5.0
670903809145917587,Condo in Bozeman · ★4.81 · 1 bedroom · 2 beds · 1 bath,122381278,Evolve,t,Bozeman, Montana, United States,,2,$168.00,4.81
671297966595864136,Rental unit in Bozeman · ★4.87 · 2 bedrooms · 2 beds · 1 bath,7161309,Orlando,t,Bozeman, Montana, United States,,2,$126.00,4.87
673834076305334804,Condo in Bozeman · ★4.89 · 2 bedrooms · 3 beds · 2 baths,457457017,Kennedy,f,Bozeman, Montana, United States,,3,$150.00,4.89
673899657996260537,Townhouse in Bozeman · ★4.96 · 3 bedrooms · 4 beds · 2.5 baths,126358377,Jordan And Morgan,t,Bozeman, Montana, United States,,4,$133.00,4.96
674017030037623523,Home in Bozeman · ★5.0 · 4 bedrooms · 5 beds · 3.5 baths,472419080,Cordelia,f,Bozeman, Montana, United States,,5,$698.00,5.0
675168752481235212,Home in Bozeman · ★4.70 · 1 bedroom · 1 bed · 1 bath,37331595,Vacasa Montana,f,,,1,$172.00,4.7
681837303455762227,Rental unit in Bozeman · ★5.0 · 2 bedrooms · 3 beds · 2 baths,158595657,Mountain Home,t,,,3,$300.00,5.0
684085588730026685,Townhouse in Bozeman · 3 bedrooms · 3 beds · 1 bath,13749505,Tina,t,,,3,$105.00,5.0
684167798771337575,Guesthouse in Bozeman · ★4.96 · 1 bedroom · 2 beds · 1 bath,388858579,Neil,t,,,2,$130.00,4.96
692232554372122340,Guest suite in Bozeman · ★4.98 · 2 bedrooms · 4 beds · 1 bath,474739122,Fiona,t,Bozeman, Montana, United States,,4,$131.00,4.98
693456544728362952,Condo in Bozeman · 2 bedrooms · 2 beds · 2 baths,474993366,Victoria,f,,,2,$148.00,
694011342626584843,Guest suite in Bozeman · ★4.95 · Studio · 1 bed · 1 bath,317251520,Katie,t,Bozeman, Montana, United States,,1,$131.00,4.95
699514354533913441,Guesthouse in Bozeman · ★4.89 · 1 bedroom · 1 bed · 1 bath,418955198,Ty,t,,,1,$85.00,4.89
702083877052289383,Condo in Bozeman · ★4.75 · 1 bedroom · 2 beds · 1 bath,78849013,Stay Montana,t,Bozeman, Montana, United States,,2,$174.00,4.75
705082802450406622,Condo in Bozeman · ★4.93 · 2 bedrooms · 3 beds · 2 baths,87300632,Liz,t,,,3,$161.00,4.93
707134359227312400,Condo in Bozeman · ★4.79 · 2 bedrooms · 3 beds · 1.5 baths,5393899,Jenny,t,Bozeman, Montana, United States,,3,$111.00,4.79
708570967089315570,Townhouse in Bozeman · ★4.80 · 2 bedrooms · 2 beds · 1.5 baths,478100437,Rhonda,t,Bozeman, Montana, United States,,2,$182.00,4.8
709455771969151762,Home in Bozeman · ★5.0 · 2 bedrooms · 1 bed · 1 private bath,387917242,Jonathan,t,Bozeman, Montana, United States,,1,$119.00,5.0
710864131003324555,Condo in Bozeman · ★4.95 · 3 bedrooms · 3 beds · 2 baths,22366054,Tessa,t,Bozeman, Montana, United States,,3,$269.00,4.95
714278609953671035,Home in Bozeman · ★4.99 · 4 bedrooms · 4 beds · 2.5 baths,70317754,Mark And Jessica,t,Bozeman, Montana, United States,,4,$210.00,4.99
718782424531822375,Rental unit in Bozeman · ★4.92 · 1 bedroom · 1 bed · 1 bath,237078650,Lindsay,t,Bozeman, Montana, United States,,1,$132.00,4.92
719644290329171991,Condo in Bozeman · ★5.0 · 2 bedrooms · 2 beds · 1 bath,187536670,Charity,t,Bozeman, Montana, United States,,2,$145.00,5.0
721776176947601105,Home in Bozeman · ★5.0 · 2 bedrooms · 2 beds · 1 bath,105847111,Robert,t,Bozeman, Montana, United States,,2,$162.00,5.0
721909326020120035,Home in Bozeman · ★4.67 · 4 bedrooms · 5 beds · 2 baths,9851660,Tanya,t,,,5,$315.00,4.67
724711577396948826,Condo in Bozeman · ★4.95 · 1 bedroom · 2 beds · 1 bath,87338185,Carrie,f,Bozeman, Montana, United States,,2,$159.00,4.95
729177429823443077,Guesthouse in Bozeman · ★4.86 · 1 bedroom · 1 bed · 1 private bath,159312,Ryan,t,Bozeman, Montana, United States,,1,$153.00,4.86
731157846501234670,Guesthouse in Bozeman · 3 bedrooms · 3 beds · 3 baths,159312,Ryan,t,Bozeman, Montana, United States,,3,$600.00,
733431858602294708,Home in Bozeman · ★4.92 · 3 bedrooms · 4 beds · 1.5 baths,432049398,Holly,t,Bozeman, Montana, United States,,4,$163.00,4.92
733544258624515986,Home in Bozeman · ★5.0 · 2 bedrooms · 2 beds · 2.5 baths,54268767,Melissa,f,Bozeman, Montana, United States,,2,$250.00,5.0
735399457576581158,Home in Bozeman · ★4.68 · 3 bedrooms · 3 beds · 1 bath,158595657,Mountain Home,t,,,3,$221.00,4.68
737229782526491097,Home in Bozeman · 4 bedrooms · 4 beds · 2.5 baths,122381278,Evolve,t,Bozeman, Montana, United States,,4,$111.00,
738975280279449873,Home in Bozeman · 7 bedrooms · 9 beds · 4.5 baths,304628102,Lisa,t,,,9,$2,100.00,5.0
740807774712657109,Guesthouse in Bozeman · ★4.80 · 1 bedroom · 1 bed · 1 bath,92164178,Daryl,t,Bozeman, Montana, United States,,1,$205.00,4.8
743730695395267111,Home in Bozeman · 5 bedrooms · 8 beds · 3.5 baths,192384472,Rory,f,,,8,$190.00,
744109164283136186,Townhouse in Bozeman · ★4.86 · 2 bedrooms · 2 beds · 2 baths,34644364,Jean,t,Bozeman, Montana, United States,,2,$100.00,4.86
744478255073405873,Home in Bozeman · ★4.99 · 3 bedrooms · 3 beds · 2 baths,87807117,Brandon,t,Bozeman, Montana, United States,,3,$286.00,4.99
744881302275777716,Home in Bozeman · 2 bedrooms · 2 beds · 3 baths,87300632,Liz,t,,,2,$119.00,
744893206921752588,Home in Bozeman · ★4.70 · 3 bedrooms · 4 beds · 2 baths,444342086,Rory,f,Bozeman, Montana, United States,,4,$429.00,4.7
744981219974591332,Home in Bozeman · ★4.93 · 3 bedrooms · 3 beds · 2 baths,68940904,Arrival Co,t,Bozeman, Montana, United States,,3,$166.00,4.93
746272150575051077,Rental unit in Bozeman · ★4.73 · 3 bedrooms · 4 beds · 1 bath,444342086,Rory,f,Bozeman, Montana, United States,,4,$315.00,4.73
746287823014723902,Guesthouse in Bozeman · ★4.77 · 1 bedroom · 2 beds · 1 bath,154200211,Alli,t,Bozeman, Montana, United States,,2,$152.00,4.77
747853167329541412,Home in Bozeman · 4 bedrooms · 4 beds · 3 baths,388858579,Neil,t,,,4,$200.00,5.0
749919325924904430,Condo in Bozeman · ★4.79 · 3 bedrooms · 6 beds · 2 baths,66791481,Lauren,f,Bozeman, Montana, United States,,6,$328.00,4.79
750942734997774914,Home in Bozeman · 3 bedrooms · 3 beds · 2.5 baths,403281935,Julie,f,Bozeman, Montana, United States,,3,$200.00,5.0
751509959977511403,Guesthouse in Bozeman · ★5.0 · 1 bedroom · 1 bed · 1 bath,89160947,Sandra,t,Bozeman, Montana, United States,,1,$93.00,5.0
752850020109878238,Condo in Bozeman · ★4.93 · 3 bedrooms · 4 beds · 1 bath,257892190,Julia,t,Bozeman, Montana, United States,,4,$184.00,4.93
753638881457290583,Home in Bozeman · ★5.0 · 2 bedrooms · 2 beds · 2 baths,2209026,Kristen,t,Bozeman, Montana, United States,,2,$289.00,5.0
756562057400552311,Guesthouse in Bozeman · ★5.0 · 1 bedroom · 1 bed · 1 bath,247540892,Shaun,t,Bozeman, Montana, United States,,1,$83.00,5.0
757272919300763085,Condo in Bozeman · ★5.0 · 2 bedrooms · 2 beds · 1.5 shared baths,242945835,Stephanie,t,,,2,$92.00,5.0
760721591626470539,Home in Bozeman · 2 bedrooms · 2 beds · 1 bath,81733702,Erin,f,,,2,$146.00,
761901172736042288,Guesthouse in Bozeman · ★5.0 · 1 bedroom · 1 bed · 1 private bath,159312,Ryan,t,Bozeman, Montana, United States,,1,$175.00,5.0
761946989286762213,Guesthouse in Bozeman · ★5.0 · 1 bedroom · 1 bed · 1 private bath,159312,Ryan,t,Bozeman, Montana, United States,,1,$175.00,5.0
769820467123918544,Rental unit in Bozeman · 2 bedrooms · 2 beds · 2 baths,3536705,Lindsay,f,Bozeman, Montana, United States,,2,$250.00,5.0
777089140263640024,Home in Bozeman · ★5.0 · 4 bedrooms · 4 beds · 2 baths,15495078,Josh,t,,,4,$334.00,5.0
779190288821368126,Rental unit in Bozeman · ★4.96 · 2 bedrooms · 3 beds · 2 baths,441896318,Payton,t,Bozeman, Montana, United States,,3,$147.00,4.96
779228204397216929,Rental unit in Bozeman · ★4.90 · 2 bedrooms · 4 beds · 2 baths,441896318,Payton,t,Bozeman, Montana, United States,,4,$145.00,4.9
779228493719965346,Rental unit in Bozeman · ★4.97 · 2 bedrooms · 2 beds · 2 baths,441896318,Payton,t,Bozeman, Montana, United States,,2,$140.00,4.97
779242618479987421,Condo in Bozeman · ★4.94 · 2 bedrooms · 4 beds · 2 baths,441896318,Payton,t,Bozeman, Montana, United States,,4,$149.00,4.94
780455121479499585,Rental unit in Bozeman · ★4.86 · 1 bedroom · 3 beds · 1 bath,9476037,Craig,t,,,3,$136.00,4.86
781269260354960027,Rental unit in Bozeman · ★5.0 · 2 bedrooms · 2 beds · 2 baths,108598734,Jean,t,Bozeman, Montana, United States,,2,$225.00,5.0
781335823078353258,Home in Bozeman · ★5.0 · 3 bedrooms · 4 beds · 2.5 baths,326083751,Alison,t,Bozeman, Montana, United States,,4,$295.00,5.0
787856733290016042,Home in Bozeman · ★4.97 · 1 bedroom · 1 bed · 1 private bath,54143486,Louise,f,Bozeman, Montana, United States,,1,$79.00,4.97
791968903124153834,Home in Bozeman · ★4.97 · 3 bedrooms · 5 beds · 2.5 baths,456500579,McCade,t,Bozeman, Montana, United States,,5,$208.00,4.97
791974702034213602,Home in Bozeman · ★5.0 · 3 bedrooms · 5 beds · 2.5 baths,456500579,McCade,t,Bozeman, Montana, United States,,5,$199.00,5.0
792657961239735749,Home in Bozeman · ★5.0 · 6 bedrooms · 10 beds · 6 baths,456500579,McCade,t,Bozeman, Montana, United States,,10,$587.00,5.0
797809064791798577,Home in Bozeman · 4 bedrooms · 5 beds · 2.5 baths,78849013,Stay Montana,t,,,5,$237.00,5.0
802991824524320425,Home in Bozeman · 3 bedrooms · 3 beds · 2 baths,7485966,Ilona,f,,,3,$70.00,5.0
806478050525132621,Home in Bozeman · ★5.0 · 3 bedrooms · 8 beds · 3 baths,49100757,Mary,f,,,8,$500.00,5.0
806613628933729906,Home in Bozeman · 3 bedrooms · 4 beds · 3 baths,831796,Krissy,f,,,4,$250.00,
810105862930988714,Home in Bozeman · ★5.0 · 3 bedrooms · 3 beds · 2.5 baths,497406107,Jessi,f,,,3,$216.00,5.0
810234452658536098,Rental unit in Bozeman · ★5.0 · 2 bedrooms · 2 beds · 2 baths,87300632,Liz,t,Bozeman, Montana, United States,,2,$116.00,5.0
810812829888263061,Townhouse in Bozeman · ★4.92 · 3 bedrooms · 5 beds · 2.5 baths,122381278,Evolve,t,Bozeman, Montana, United States,,5,$198.00,4.92
812242888359906055,Home in Bozeman · 3 bedrooms · 3 beds · 2.5 baths,10719166,Ted And Ann Marie,t,,,3,$208.00,5.0
812293891329597358,Rental unit in Bozeman · ★5.0 · 1 bedroom · 2 beds · 1 bath,10719166,Ted And Ann Marie,t,Bozeman, Montana, United States,,2,$180.00,5.0
826101157271341724,Rental unit in Bozeman · ★4.93 · 2 bedrooms · 2 beds · 1 bath,10533936,Taylor,f,,,2,$141.00,4.93
828372856525547623,Home in Bozeman · ★4.83 · 2 bedrooms · 4 beds · 1 bath,406871,Erin,t,Bozeman, Montana, United States,,4,$204.00,4.83
831152233793916909,Home in Bozeman · ★5.0 · 6 bedrooms · 6 beds · 3 baths,10533936,Taylor,f,,,6,$404.00,5.0
836180476881926941,Home in Bozeman · 3 bedrooms · 3 beds · 2.5 baths,387840480,Nick,f,,,3,$161.00,5.0
836266363975017458,Guesthouse in Bozeman · ★4.46 · 1 bedroom · 2 beds · 1 bath,492391213,Jeremy,f,,,2,$127.00,4.46
836412924149333068,Rental unit in Bozeman · ★4.75 · 2 bedrooms · 2 beds · 2 baths,441798626,Renee,t,Bozeman, Montana, United States,,2,$275.00,4.75
841345412779362399,Condo in Bozeman · ★4.33 · 2 bedrooms · 2 beds · 1 bath,104010331,Dream MT,f,,,2,$275.00,4.33
841490489463124761,Home in Bozeman · ★4.64 · 2 bedrooms · 2 beds · 1 bath,388858579,Neil,t,,,2,$141.00,4.64
843683310882492943,Condo in Bozeman · ★4.94 · 2 bedrooms · 3 beds · 2 baths,441896318,Payton,t,Bozeman, Montana, United States,,3,$126.00,4.94
843741511466971913,Condo in Bozeman · ★5.0 · 2 bedrooms · 3 beds · 2 baths,441896318,Payton,t,Bozeman, Montana, United States,,3,$134.00,5.0
843767329683138688,Condo in Bozeman · ★4.97 · 2 bedrooms · 3 beds · 2 baths,441896318,Payton,t,Bozeman, Montana, United States,,3,$129.00,4.97
843789240315372626,Condo in Bozeman · ★4.92 · 2 bedrooms · 3 beds · 2 baths,441896318,Payton,t,Bozeman, Montana, United States,,3,$132.00,4.92
848829593971076898,Home in Bozeman · 5 bedrooms · 5 beds · 3.5 baths,127451313,Pamela,t,,,5,$825.00,5.0
849345148607706000,Home in Bozeman · ★5.0 · 2 bedrooms · 2 beds · 2.5 baths,4461657,Susie,t,Bozeman, Montana, United States,,2,$143.00,5.0
850060899218507018,Home in Bozeman · 2 bedrooms · 2 beds · 1.5 baths,505986694,Kristin,f,Bozeman, Montana, United States,,2,$130.00,5.0
854255731584674616,Condo in Bozeman · 1 bedroom · 3 beds · 1 shared bath,506863680,Scrubs,f,Bozeman, Montana, United States,,3,$62.00,
855046323928635372,Home in Bozeman · ★4.80 · 3 bedrooms · 4 beds · 2.5 baths,507016369,Kerry,t,Bozeman, Montana, United States,,4,$301.00,4.8
858032290192543286,Home in Bozeman · 2 bedrooms · 3 beds · 2 baths,37331595,Vacasa Montana,f,,,3,$301.00,4.5
861755444064563786,Rental unit in Bozeman · 1 bedroom · 1 bed · 1 bath,4253627,Evelyn,f,Bozeman, Montana, United States,,1,$177.00,5.0
866743704687717653,Condo in Bozeman · ★5.0 · 2 bedrooms · 2 beds · 1 bath,87300632,Liz,t,Bozeman, Montana, United States,,2,$144.00,5.0
866800960315586200,Rental unit in Bozeman · ★5.0 · 1 bedroom · 1 bed · 1 bath,85914608,John,t,,,1,$99.00,5.0
868764892737614986,Home in Bozeman · ★5.0 · 3 bedrooms · 3 beds · 4 baths,22366054,Tessa,t,Bozeman, Montana, United States,,3,$299.00,5.0
869599672855821114,Rental unit in Bozeman · ★4.97 · 1 bedroom · 1 bed · 1 bath,219491,Elinor (Ellie),t,,,1,$105.00,4.97
871253472812827687,Rental unit in Bozeman · 1 bedroom · 1 bed · 1.5 baths,370426746,Kelsey,f,,,1,$138.00,5.0
874123279715996557,Rental unit in Bozeman · ★5.0 · 1 bedroom · 2 beds · 1 bath,18247242,Kevin,t,,,2,$140.00,5.0
874657761125528795,Home in Bozeman · ★5.0 · 3 bedrooms · 3 beds · 3 baths,10719166,Ted And Ann Marie,t,Bozeman, Montana, United States,,3,$284.00,5.0
875521839496363904,Home in Bozeman · 4 bedrooms · 6 beds · 3.5 baths,4884278,Kate,f,,,6,$335.00,5.0
876772032673798997,Home in Bozeman · ★5.0 · 2 bedrooms · 2 beds · 1 bath,4727963,Matthew,t,,,2,$124.00,5.0
877001808494830060,Home in Bozeman · ★5.0 · 3 bedrooms · 3 beds · 2 baths,386319797,Jessie,t,Bozeman, Montana, United States,,3,$499.00,5.0
881902444834952415,Rental unit in Bozeman · 2 bedrooms · 2 beds · 2.5 baths,10719166,Ted And Ann Marie,t,Bozeman, Montana, United States,,2,$120.00,
882048163388883742,Home in Bozeman · 3 bedrooms · 2 beds · 2.5 baths,59953192,Ashley,f,Bozeman, Montana, United States,,2,$175.00,5.0
882861196778295786,Guesthouse in Bozeman · ★5.0 · 1 bedroom · 1 bed · 1 bath,294131716,Marci,t,Bozeman, Montana, United States,,1,$225.00,5.0
883389619523678266,Home in Bozeman · ★5.0 · 3 bedrooms · 3 beds · 2.5 baths,478163656,Steve,f,,,3,$180.00,5.0
884064750408569156,Townhouse in Bozeman · 3 bedrooms · 3 beds · 3 baths,485556286,Barbara,f,,,3,$143.00,
884106583554500961,Guesthouse in Bozeman · ★5.0 · 2 bedrooms · 3 beds · 1 bath,42294252,Ted,t,Bozeman, Montana, United States,,3,$152.00,5.0
886260834554889974,Home in Bozeman · 3 bedrooms · 3 beds · 2.5 baths,392160899,Amy,f,,,3,$325.00,5.0
886294351568966099,Home in Bozeman · 4 bedrooms · 4 beds · 2.5 baths,147570980,Catherine,t,,,4,$230.00,
887744083816060888,Rental unit in Bozeman · 2 bedrooms · 3 beds · 2 baths,13164558,Nancy,f,,,3,$275.00,
888674437339033450,Rental unit in Bozeman · ★5.0 · 1 bedroom · 1 bed · 1 bath,87352080,Rebeccah,t,,,1,$105.00,5.0
891140402766442171,Home in Bozeman · 4 bedrooms · 4 beds · 3 baths,5226191,Harris,f,,,4,$367.00,
892145093324142187,Rental unit in Bozeman · ★4.19 · 2 bedrooms · 2 beds · 1 bath,492391213,Jeremy,f,,,2,$197.00,4.19
894056108618242888,Rental unit in Bozeman · ★4.75 · 2 bedrooms · 2 beds · 1 bath,374218571,Kelly,t,,,2,$198.00,4.75
894114177621980481,Home in Bozeman · 3 bedrooms · 3 beds · 2 baths,134286069,Janie,f,,,3,$127.00,5.0
894262572544681789,Rental unit in Bozeman · ★4.96 · 2 bedrooms · 2 beds · 1 bath,510216735,Sharon,t,Bozeman, Montana, United States,,2,$165.00,4.96
896384642712866578,Home in Bozeman · ★5.0 · 3 bedrooms · 4 beds · 2 baths,161765884,Ben,f,,,4,$275.00,5.0
896458716338470845,Home in Bozeman · ★4.89 · 1 bedroom · 1 bed · 1 private bath,247540892,Shaun,t,,,1,$61.00,4.89
897144005237382808,Home in Bozeman · ★5.0 · 2 bedrooms · 2 beds · 2 baths,6931340,Indra,t,Bozeman, Montana, United States,,2,$499.00,5.0
897810044993822991,Guesthouse in Bozeman · ★5.0 · 1 bedroom · 1 bed · 1 bath,22366054,Tessa,t,Bozeman, Montana, United States,,1,$92.00,5.0
899125019892212651,Home in Bozeman · ★5.0 · 2 bedrooms · 3 beds · 2 baths,135567233,Lycurgus,t,Bozeman, Montana, United States,,3,$133.00,5.0
900813961167761339,Home in Bozeman · ★5.0 · 4 bedrooms · 8 beds · 2 baths,144447035,Ericka,f,Bozeman, Montana, United States,,8,$312.00,5.0
901459145108835199,Home in Bozeman · ★5.0 · 3 bedrooms · 5 beds · 1 bath,406871,Erin,t,Bozeman, Montana, United States,,5,$239.00,5.0
901660910687906881,Home in Bozeman · ★5.0 · 5 bedrooms · 9 beds · 2 baths,406871,Erin,t,,,9,$686.00,5.0
902288148307344832,Home in Bozeman · ★4.85 · 3 bedrooms · 4 beds · 2.5 baths,59049179,Elizabeth,t,,,4,$230.00,4.85
902924566293075399,Townhouse in Bozeman · ★5.0 · 2 bedrooms · 2 beds · 2 baths,231155123,Chad,f,Bozeman, Montana, United States,,2,$250.00,5.0
902986920561938489,Bungalow in Bozeman · ★4.96 · 1 bedroom · 1 bed · 1 bath,23312806,Kim,t,Bozeman, Montana, United States,,1,$204.00,4.96
903548737649149837,Home in Bozeman · ★5.0 · 2 bedrooms · 3 beds · 1 bath,94524858,Andy,f,,,3,$265.00,5.0
907255410839451666,Condo in Bozeman · ★4.40 · 2 bedrooms · 3 beds · 2 baths,68940904,Arrival Co,t,Bozeman, Montana, United States,,3,$174.00,4.4
907326998535422392,Home in Bozeman · ★4.75 · 1 bedroom · 1 bed · 1 bath,158595657,Mountain Home,t,,,1,$231.00,4.75
911796238839021625,Home in Bozeman · ★4.90 · 1 bedroom · 1 bed · 1 bath,296586159,Mikaela,t,,,1,$60.00,4.9
911899807480757151,Home in Bozeman · ★5.0 · 1 bedroom · 1 bed · 1 private bath,2655634,Charles,f,,,1,$80.00,5.0
917480337323963603,Home in Bozeman · ★4.80 · 5 bedrooms · 7 beds · 3.5 baths,158595657,Mountain Home,t,,,7,$496.00,4.8
917480339456822427,Rental unit in Bozeman · ★5.0 · 1 bedroom · 2 beds · 1 bath,158595657,Mountain Home,t,,,2,$112.00,5.0
917521445743830614,Condo in Bozeman · 4 bedrooms · 6 beds · 4 baths,441896318,Payton,t,Bozeman, Montana, United States,,6,$550.00,
919817449271186440,Home in Bozeman · ★4.95 · 2 bedrooms · 2 beds · 1 bath,143544410,Toni,f,Bozeman, Montana, United States,,2,$152.00,4.95
920346275120177072,Boutique hotel in Bozeman · 2 bedrooms · 3 beds · 1 shared bath,521636962,Jacob,f,,,3,$169.00,5.0
921697036215156289,Home in Bozeman · ★5.0 · 1 bedroom · 1 bed · 1 bath,45378354,Kerie,t,Bozeman, Montana, United States,,1,$159.00,5.0
922555122262988509,Boutique hotel in Bozeman · 1 bedroom · 2 beds · 1 shared bath,521636962,Jacob,f,,,2,$139.00,5.0
922562743410347446,Boutique hotel in Bozeman · ★4.50 · 1 bedroom · 1 bed · 1 private bath,521636962,Jacob,f,,,1,$127.00,4.5
922583355688509946,Boutique hotel in Bozeman · 1 bedroom · 2 beds · 1 shared bath,521636962,Jacob,f,,,2,$135.00,5.0
923076538132998326,Home in Bozeman · 3 bedrooms · 3 beds · 2 baths,21447984,Sharon,t,,,3,$280.00,5.0
923290840210101734,Guest suite in Bozeman · ★4.90 · 1 bedroom · 2 beds · 1 bath,143544410,Toni,f,Bozeman, Montana, United States,,2,$138.00,4.9
924888237601129082,Rental unit in Bozeman · 2 bedrooms · 2 beds · 2 baths,168421505,Courtney,f,,,2,$300.00,5.0
925635999714522476,Condo in Bozeman · 1 bedroom · 3 beds · 1.5 shared baths,506863680,Scrubs,f,Bozeman, Montana, United States,,3,$62.00,
933175872715241894,Rental unit in Bozeman · ★5.0 · 2 bedrooms · 2 beds · 1 bath,5336872,Tobi,f,Bozeman, Montana, United States,,2,$210.00,5.0
933644382183985176,Rental unit in Bozeman · 3 bedrooms · 3 beds · 2 baths,117381828,Connor,t,,,3,$304.00,5.0
933650208046548793,Rental unit in Bozeman · 1 bedroom · 1 bed · 1 bath,506863680,Scrubs,f,,,1,$51.00,
940676499307664079,Home in Bozeman · ★4.83 · 3 bedrooms · 3 beds · 2 baths,158595657,Mountain Home,t,,,3,$283.00,4.83
942245518568400791,Home in Bozeman · ★4.90 · 4 bedrooms · 6 beds · 2 baths,94704094,Sheridan,f,Bozeman, Montana, United States,,6,$239.00,4.9
943877538830637448,Home in Bozeman · 1 bedroom · 1 bed · 1 bath,233990641,Guy,f,Bozeman, Montana, United States,,1,$80.00,5.0
944318825758130183,Tent in Bozeman · 1 bedroom · 6 beds · Half-bath,14607863,Kelli,f,,,6,$80.00,
945699328478141735,Boutique hotel in Bozeman · 1 bedroom · 2 beds · 1 shared bath,521636962,Jacob,f,,,2,$152.00,
947123379140618010,Rental unit in Bozeman · ★5.0 · 1 bedroom · 1 bed · 1 bath,22366054,Tessa,t,Bozeman, Montana, United States,,1,$97.00,5.0
950041221683271998,Rental unit in Bozeman · 1 bedroom · 1 bed · 1 bath,8224408,Paul,t,,,1,$111.00,
952912930838942462,Rental unit in Bozeman · ★5.0 · 1 bedroom · 1 bed · 1 bath,87300632,Liz,t,,,1,$117.00,5.0
953620879588562570,Home in Bozeman · ★New · 3 bedrooms · 3 beds · 2.5 baths,36540690,Laura,f,Bozeman, Montana, United States,,3,$429.00,
953908241697356231,Home in Bozeman · ★4.67 · 2 bedrooms · 3 beds · 2 baths,152080333,Tucker,t,Bozeman, Montana, United States,,3,$187.00,4.67
954261720717469282,Home in Bozeman · ★5.0 · 3 bedrooms · 4 beds · 3 baths,8224408,Paul,t,,,4,$511.00,5.0
960943303825338796,Rental unit in Bozeman · ★5.0 · 2 bedrooms · 3 beds · 2 baths,87300632,Liz,t,,,3,$211.00,5.0
960958977315633386,Rental unit in Bozeman · 2 bedrooms · 2 beds · 1 bath,87300632,Liz,t,,,2,$125.00,
964555695094259497,Condo in Bozeman · ★5.0 · 2 bedrooms · 2 beds · 3 baths,169754903,VR Bozeman,t,Bozeman, Montana, United States,,2,$201.00,5.0
964650864080023522,Rental unit in Bozeman · ★4.56 · 1 bedroom · 2 beds · 1 bath,22366054,Tessa,t,Bozeman, Montana, United States,,2,$82.00,4.56
964796074902172037,Home in Bozeman · 2 bedrooms · 2 beds · 1 bath,247540892,Shaun,t,Bozeman, Montana, United States,,2,$90.00,5.0
966950438050606228,Home in Bozeman · ★4.60 · 1 bedroom · 1 bed · 1 shared bath,13861863,Kendall,f,Bozeman, Montana, United States,,1,$84.00,4.6
966959453768551063,Home in Bozeman · ★4.76 · 1 bedroom · 1 bed · 1 bath,13861863,Kendall,f,Bozeman, Montana, United States,,1,$78.00,4.76
969667975858241582,Home in Bozeman · ★5.0 · 3 bedrooms · 4 beds · 2 baths,534719008,Wendy,f,Bozeman, Montana, United States,,4,$202.00,5.0
973157718255436454,Rental unit in Bozeman · 3 bedrooms · 3 beds · 2.5 baths,155221946,Gina,f,Bozeman, Montana, United States,,3,$228.00,
978338162034126610,Townhouse in Bozeman · ★4.89 · 4 bedrooms · 5 beds · 4 baths,68940904,Arrival Co,t,Bozeman, Montana, United States,,5,$398.00,4.89
982690315132166861,Rental unit in Bozeman · 2 bedrooms · 3 beds · 2 baths,49379094,Grant & Mercede,f,Bozeman, Montana, United States,,3,$120.00,
982767063402290313,Home in Bozeman · 1 bedroom · 1 bed · 1.5 baths,74481089,Taylor,f,,,1,$48.00,
989722528862043076,Home in Bozeman · ★5.0 · 1 bedroom · 1 bed · 1 bath,539198206,Mikaela,f,,,1,$101.00,5.0
991243086542515281,Home in Bozeman · 3 bedrooms · 4 beds · 4 baths,22366054,Tessa,t,Bozeman, Montana, United States,,4,$349.00,5.0
992267223238730769,Home in Bozeman · 2 bedrooms · 2 beds · 2 baths,12520639,Max,f,,,2,$200.00,
993586332109869136,Rental unit in Bozeman · ★New · 2 bedrooms · 4 beds · 1 bath,111808731,Vacasa Montana,f,,,4,$239.00,
994123497980189517,Rental unit in Bozeman · ★New · 2 bedrooms · 2 beds · 2 baths,540165578,Amanda,f,Bozeman, Montana, United States,,2,$279.00,5.0
994328687289367772,Rental unit in Bozeman · ★5.0 · 2 bedrooms · 2 beds · 1 bath,403857117,Ava,f,,,2,$198.00,5.0
997624895914954043,Rental unit in Bozeman · ★New · 1 bedroom · 2 beds · 1 bath,430914923,Residence Inn Bozeman,f,Bozeman, Montana, United States,,2,$240.00,5.0
997634184852660255,Rental unit in Bozeman · ★New · 1 bedroom · 3 beds · 1 bath,430914923,Residence Inn Bozeman,f,Bozeman, Montana, United States,,3,$263.00,5.0
1000153755159491681,Rental unit in Bozeman · ★New · 1 bedroom · 2 beds · 1 bath,430914923,Residence Inn Bozeman,f,Bozeman, Montana, United States,,2,$233.00,
1000154557892598479,Rental unit in Bozeman · ★New · 1 bedroom · 2 beds · 1 bath,430914923,Residence Inn Bozeman,f,Bozeman, Montana, United States,,2,$208.00,
1000155357893188113,Rental unit in Bozeman · ★New · 1 bedroom · 3 beds · 1 bath,430914923,Residence Inn Bozeman,f,Bozeman, Montana, United States,,3,$233.00,
1000156448514193034,Rental unit in Bozeman · ★New · 1 bedroom · 3 beds · 1 bath,430914923,Residence Inn Bozeman,f,Bozeman, Montana, United States,,3,$208.00,
1000577842823912572,Home in Bozeman · ★New · 2 bedrooms · 2 beds · 2 baths,1505880,Ixtla,f,Bozeman, Montana, United States,,2,$75.00,
1003670265286987594,Condo in Bozeman · ★New · 3 bedrooms · 4 beds · 3 baths,78849013,Stay Montana,t,,,4,$234.00,
1003670285635434122,Condo in Bozeman · ★New · 3 bedrooms · 4 beds · 3 baths,78849013,Stay Montana,t,,,4,$232.00,
1005059827866981293,Rental unit in Bozeman · ★New · 2 bedrooms · 3 beds · 1 bath,492391213,Jeremy,f,,,3,$155.00,5.0
1007212920533236270,Guesthouse in Bozeman · ★New · 1 bedroom · 1 bed · 1 bath,5216140,Rob,f,Bozeman, Montana, United States,,1,$160.00,5.0
1008716432393782757,Rental unit in Bozeman · ★New · 1 bedroom · 1 bed · 1 bath,543137520,Jeni,f,,,1,$111.00,
1008763018263626408,Rental unit in Bozeman · ★New · 2 bedrooms · 2 beds · 1 bath,87300632,Liz,t,,,2,$131.00,
1008778350694378706,Rental unit in Bozeman · ★New · 2 bedrooms · 2 beds · 1 bath,87300632,Liz,t,,,2,$134.00,5.0
1008789724045972475,Rental unit in Bozeman · ★New · 2 bedrooms · 2 beds · 2 baths,87300632,Liz,t,,,2,$155.00,5.0
1010311131880400929,Home in Bozeman · ★5.0 · 3 bedrooms · 4 beds · 2 baths,10719166,Ted And Ann Marie,t,Bozeman, Montana, United States,,4,$283.00,5.0
1010882222564342761,Rental unit in Bozeman · ★New · 2 bedrooms · 2 beds · 1 bath,87300632,Liz,t,,,2,$116.00,
1013954581504450455,Rental unit in Bozeman · ★5.0 · 1 bedroom · 1 bed · 1 bath,87300632,Liz,t,,,1,$119.00,5.0
1014398125690134874,Home in Bozeman · ★New · 2 bedrooms · 2 beds · 2.5 baths,544251726,Brian,f,,,2,$196.00,
1015247856331542742,Rental unit in Bozeman · ★New · 2 bedrooms · 2 beds · 2 baths,87300632,Liz,t,,,2,$178.00,5.0
1015469993854591582,Home in Bozeman · ★New · 4 bedrooms · 7 beds · 4 baths,410307599,Crystal,t,Bozeman, Montana, United States,,7,$324.00,
1015928247937089566,Home in Bozeman · ★New · 4 bedrooms · 5 beds · 3 baths,22366054,Tessa,t,Bozeman, Montana, United States,,5,$224.00,
1016604349064457559,Rental unit in Bozeman · ★New · 1 bedroom · 2 beds · 1 bath,10719166,Ted And Ann Marie,t,Bozeman, Montana, United States,,2,$119.00,
1016619106223207155,Home in Bozeman · ★New · 4 bedrooms · 6 beds · 3 baths,10719166,Ted And Ann Marie,t,Bozeman, Montana, United States,,6,$388.00,
1018080723786942494,Home in Bozeman · ★New · 3 bedrooms · 6 beds · 2.5 baths,545036435,Susan,f,,,6,$180.00,
1019852506960723719,Rental unit in Bozeman · ★New · 1 bedroom · 4 beds · 1 bath,545489115,Payton,f,Bozeman, Montana, United States,,4,$113.00,
1020228048905807585,Condo in Bozeman · ★New · 2 bedrooms · 3 beds · 1.5 baths,158595657,Mountain Home,t,,,3,$84.00,
1020230881396959049,Home in Bozeman · ★New · 2 bedrooms · 2 beds · 2 baths,158595657,Mountain Home,t,,,2,$125.00,
1020231494198029286,Condo in Bozeman · ★New · 1 bedroom · 2 beds · 1 bath,158595657,Mountain Home,t,,,2,$84.00,
1021721483687220240,Townhouse in Bozeman · ★New · 2 bedrooms · 2 beds · 2 baths,158595657,Mountain Home,t,,,2,$134.00,
1021721487869505891,Townhouse in Bozeman · ★New · 3 bedrooms · 3 beds · 3.5 baths,158595657,Mountain Home,t,,,3,$167.00,
1021721950430317225,Condo in Bozeman · ★New · 2 bedrooms · 2 beds · 2 baths,158595657,Mountain Home,t,,,2,$117.00,
1021721991781313761,Home in Bozeman · ★New · 4 bedrooms · 4 beds · 2.5 baths,158595657,Mountain Home,t,,,4,$165.00,
1021722003635632471,Townhouse in Bozeman · ★New · 3 bedrooms · 4 beds · 2.5 baths,158595657,Mountain Home,t,,,4,$150.00,
1021723335665913564,Condo in Bozeman · ★New · 2 bedrooms · 3 beds · 2.5 baths,158595657,Mountain Home,t,,,3,$167.00,
1021723339690110777,Home in Bozeman · ★New · 4 bedrooms · 5 beds · 3.5 baths,158595657,Mountain Home,t,,,5,$184.00,
1021723342043868349,Home in Bozeman · ★New · 4 bedrooms · 4 beds · 3.5 baths,158595657,Mountain Home,t,,,4,$217.00,
1021724095752448838,Townhouse in Bozeman · ★New · 3 bedrooms · 4 beds · 2 baths,158595657,Mountain Home,t,,,4,$84.00,
1023980376452932033,Home in Bozeman · ★New · 2 bedrooms · 3 beds · 2 baths,21447984,Sharon,t,,,3,$295.00,
1027654963467851442,Serviced apartment in Bozeman · ★New · 1 bedroom · 1 bed · 1.5 baths,12702811,Carla,t,Bozeman, Montana, United States,,1,$190.00,5.0
1031220502585940136,Home in Bozeman · ★New · 2 bedrooms · 2 beds · 2 baths,512697355,Kate,f,,,2,$189.00,
1032050849550580437,Home in Bozeman · ★New · 3 bedrooms · 6 beds · 2.5 baths,545036435,Susan,f,Bozeman, Montana, United States,,6,$154.00,
1036459605343047042,Home in Bozeman · ★New · 3 bedrooms · 3 beds · 2 baths,513631763,Nicole,f,,,3,$150.00,
1040565103561819864,Rental unit in Bozeman · ★New · 2 bedrooms · 4 beds · 2 baths,545489115,Payton,f,Bozeman, Montana, United States,,4,$172.00,
1040586311737102150,Rental unit in Bozeman · ★New · 2 bedrooms · 4 beds · 2 baths,545489115,Payton,f,Bozeman, Montana, United States,,4,$168.00,
